LandProvince;SeaZone;x;y
hammerfest;north_cape;8828;7828;x
lebesby;north_cape;8926;7818;x
deatnu;tana_fjord;8976;7814;x
porsanger;north_cape;8864;7799;x
vardo;tana_fjord;9063;7798;x
alta;lyngen;8724;7788;x
troms;senja_island;8560;7737;x
raisa;lyngen;8651;7749;x
varanger;tana_fjord;9021;7758;x
pechenga;rybachy_peninsula;9176;7738;x
kirkenes;tana_fjord;9063;7741;x
kali;wevok_point;259;7697;x
senja;senja_island;8491;7712;x
mootka;rybachy_peninsula;9191;7711;x
bardodalen;senja_island;8507;7686;x
kiltina;rybachy_peninsula;9243;7699;x
langenes;lofoten_islands2;8379;7661;x
dalniye_zelentsy;murman_coast;9346;7681;x
kola;rybachy_peninsula;9213;7683;x
trondenes;lofoten_islands2;8444;7660;x
uivvak;wevok_point;176;7665;x
semiostrov;murman_coast;9406;7650;x
kivualinagmut;point_hope;132;7609;x
ofoti;vestfjord;8483;7627;x
lofotr;ran_fjord;8306;7597;x
hamaroy;vestfjord;8438;7610;x
svyatoy_nos;svyatoy_nos_cape;9491;7601;x
steigen;vestfjord;8399;7596;x
ponoi;orlov_cape;9566;7532;x
uataaq;krusenstern_lagoon;224;7557;x
bodo;ran_fjord;8369;7546;x
nutepylmyn;enurmino_point;16122;7510;x
gildeskal;ran_fjord;8308;7504;x
kantalahti;varzuga_estuary;9177;7520;x
raivke;varzuga_estuary;9171;7516;x
innurmin;enurmino_point;16226;7510;x
nuurvik;hotham_inlet;326;7501;x
qikiqtagruk;hotham_inlet;334;7472;x
nes;barents_sea10;9713;7485;x
pyalitsa;orlov_cape;9553;7485;x
kovda;varzuga_estuary;9198;7489;x
umba;varzuga_estuary;9224;7493;x
koyda;barents_sea10;9650;7468;x
alstahaug;ran_fjord;8279;7458;x
olenitsa;varzuga_estuary;9277;7480;x
yoniveem;enurmino_point;16146;7467;x
kongashuk;krusenstern_lagoon;192;7476;x
iglunga;cumberland_sound;4620;7459;x
torshofn;fontur_point;6979;7462;x
keret;varzuga_estuary;9230;7463;x
isafjordur;isa_fjord;6667;7440;x
kashkarantsy;varzuga_estuary;9324;7461;x
okladnikova_sloboda;barents_sea10;9697;7449;x
keniergyn;zaliv_kresta;15944;7437;x
ervykynnot;zaliv_kresta;15925;7453;x
pangnirtung;cumberland_sound;4701;7448;x
anakovik;shishmarev_inlet;91;7430;x
nuvuqaq;diomede_sea;16319;7420;x
varzuga;varzuga_estuary;9373;7454;x
akureyri;skaga_fjord;6858;7436;x
husavik;skaga_fjord;6900;7442;x
kuloy;barents_sea10;9691;7448;x
holar;skaga_fjord;6802;7432;x
tetrino;intsi_cape;9439;7438;x
verkhnyaya_zolotitsa;orlov_cape;9567;7440;x
vopnafjordur;fontur_point;7022;7424;x
valkall_an;zaliv_kresta;15898;7421;x
blonduos;isa_fjord;6765;7420;x
kuugaaluk;hotham_inlet;293;7440;x
kriitina;varzuga_estuary;9274;7409;x
birndal;bindals_fjord;8248;7398;x
kytryn;mechigmenskiy_zaliv;16252;7396;x
seydisfjordur;glettinga_point;7064;7400;x
hvamstangi;isa_fjord;6735;7396;x
nunligran;medvezh_ye_bay1;16072;7374;x
rykuul;konergino_coast1;15907;7383;x
olavsvik;arnar_fjord;6659;7363;x
kem;inner_onega_bay;9282;7351;x
yanrakynnot;mechigmenskiy_zaliv;16233;7352;x
namdal;bindals_fjord;8215;7355;x
unazigmit;konergino_coast1;15878;7356;x
kigluaik;nome_coast;135;7322;x
solovetsky;inner_onega_bay;9325;7361;x
luda;inner_onega_bay;9366;7327;x
reydarfjordur;glettinga_point;7055;7340;x
nyerpicha;reka_tumanskaya;15741;7359;x
arkhangelsk;intsi_cape;9521;7342;x
kuuyuk;norton_bay;349;7343;x
tavayveem;reka_tumanskaya;15690;7339;x
v_enyn;reka_tumanskaya;15735;7328;x
ugolnye;reka_tumanskaya;15801;7330;x
enmyl_yn;achchen_bay;16126;7339;x
anavik;nuuk_fjord;5398;7335;x
guvrel;mechigmenskiy_zaliv;16214;7329;x
malemiut;norton_bay;370;7338;x
nyonoksa;intsi_cape;9465;7337;x
sinjik;norton_bay;295;7321;x
kangeq;nuuk_fjord;5317;7311;x
kapisillit;nuuk_fjord;5399;7332;x
krasnyano;reka_tumanskaya;15666;7337;x
borgarnes;faxa_bay;6688;7319;x
pomorye;intsi_cape;9502;7327;x
nachirvik;norton_bay;243;7322;x
ungaliq;norton_bay;354;7320;x
orland;trondheim_fjord;8169;7249;x
saarijoki;inner_onega_bay;9286;7320;x
sigheneg;achchen_bay;16165;7311;x
kinngait;aquiatulavik_bay;4210;7301;x
godthab;nuuk_fjord;5359;7304;x
sandnes;nuuk_fjord;5400;7311;x
tumanskaya;reka_tumanskaya;15814;7281;x
holmur;stokks_point;6968;7291;x
steinkjer;bindals_fjord;8208;7313;x
bygdea;kvarken;8649;7293;x
sumsky_posad;inner_onega_bay;9320;7307;x
reikjavik;faxa_bay;6695;7301;x
unezhma;inner_onega_bay;9362;7286;x
village_onega;inner_onega_bay;9420;7289;x
amadjuak;jubilee_island;4386;7270;x
lysufjord;nuuk_fjord;5350;7277;x
keflavik;faxa_bay;6668;7280;x
levanger;trondheim_fjord;8197;7260;x
unalakleet;pastol_bay;363;7253;x
selfoss;faxa_bay;6718;7267;x
maloshuyka;inner_onega_bay;9403;7270;x
pedersore;kvarken;8731;7264;x
orkdal;tingvoll_fjord;8080;7249;x
umea;kvarken;8623;7260;x
sivuqaq;kongkok_bay;16282;7233;x
kirkjubaejar;vestmanna_islands;6847;7235;x
iqaluit;frobisher_bay;4582;7251;x
hvolsvollur;vestmanna_islands;6773;7244;x
savoonga;sevuokuk_point;16331;7253;x
grundsunda;kvarken;8581;7239;x
tapqaq;pastol_bay;304;7242;x
y_lkytveem;reka_tumanskaya;15819;7249;x
stjordal;trondheim_fjord;8181;7245;x
vora;kvarken;8704;7242;x
fosna;tingvoll_fjord;8063;7219;x
nidaros;trondheim_fjord;8165;7239;x
korsholm;kvarken;8670;7216;x
kitagnaq;kialegak_cape;16347;7212;x
skaun;trondheim_fjord;8148;7232;x
imangaq;nunam_iqua_cove;202;7208;x
qerrulliiq;pastol_bay;272;7213;x
gacgatagyn;beringovskii_cape2;15857;7197;x
sjalevad;west_botnia;8537;7213;x
molde;nordfjord_sea;8015;7183;x
harnosand;west_botnia;8522;7190;x
sunndal;tingvoll_fjord;8077;7194;x
kimmirut;big_island;4524;7178;x
rauma;nordfjord_sea;8028;7175;x
borgund;nordfjord_sea;7981;7168;x
manily;okhosk_coast1;15189;7171;x
selanger;west_botnia;8495;7160;x
paren;okhosk_coast1;15142;7172;x
mejnypilgyn;vaarn_yechgyn;15739;7164;x
koppo;east_botnia;8655;7158;x
marayaarmiut;scammon_bay;148;7137;x
sunnmore;nordfjord_sea;7956;7145;x
torshavn;faroe_islands1;7376;7128;x
stordal;nordfjord_sea;8009;7139;x
vatyrkan;khatyrka_coast;15661;7127;x
eid;nordfjord_sea;7929;7121;x
hudiksvall;west_botnia;8484;7110;x
chivitkino;okhosk_coast12;14973;7111;x
evenksk;okhosk_coast14;14923;7118;x
gizhiga;okhosk_coast12;14984;7099;x
stryn;nordfjord_sea;7986;7116;x
ce_vaq;scammon_bay;137;7105;x
kushka;okhosk_coast14;14869;7111;x
vukvylgayat;bukhta_anastasii;15579;7087;x
bjorneborg;east_botnia;8672;7100;x
merenga;okhosk_coast14;14828;7092;x
sunnfjord;nordfjord_sea;7925;7093;x
arsuk;neria_coast;5476;7077;x
k_enakatnu;ursus_cove;868;7079;x
dgheyaytnu;ursus_cove;872;7058;x
raumo;east_botnia;8668;7077;x
laerdal;sogne_fjord;8022;7067;x
sogndal;sogne_fjord;8000;7067;x
gronnedal;neria_coast;5501;7076;x
brattahlid;qaqortoq_coast;5621;7066;x
tyonek;ursus_cove;786;7038;x
ivituut;neria_coast;5498;7057;x
caniqaq;hinchinbrook_bay;945;7037;x
taatiilaaq;hinchinbrook_bay;1003;7049;x
machevna;ozero_tyulen_ye1;15514;7040;x
dyrnes;qaqortoq_coast;5602;7057;x
aurland;sogne_fjord;8007;7062;x
nystad;abo_skargard;8671;7017;x
niugtaq;kinak_bay;197;7048;x
vik;sogne_fjord;7967;7064;x
gardr;qaqortoq_coast;5618;7053;x
nordhordland;fens_fjord;7924;7033;x
parapolsky;okhosk_coast1;15136;7052;x
kenai;ursus_cove;852;7052;x
hamrange;gavlebukten;8478;7047;x
tha_anne;mouth_of_thlewiaza;3388;7021;x
tununaq;kinak_bay;183;7041;x
hvalsey;qaqortoq_coast;5595;7041;x
vatnahverfi;qaqortoq_coast;5624;7047;x
takhtoyamsk;okhosk_coast15;14772;7025;x
rekinniki;okhosk_coast1;15121;7041;x
einarsfjord;qaqortoq_coast;5608;7026;x
shetland;sumburgh_head;7638;7012;x
kaghasuq;kinak_bay;237;7033;x
nuciiq;hinchinbrook_bay;982;7004;x
st_matthew;stmatthew_coast3;16215;7015;x
siglufjord;qaqortoq_coast;5631;7020;x
tierp;gavlebukten;8515;7017;x
podkagernoye;okhosk_coast3;15071;7018;x
bergen;fens_fjord;7931;7013;x
altafjord;qaqortoq_coast;5646;7017;x
pakhachi;pakhachi_coast;15379;7021;x
tyulene;ozero_tyulen_ye2;15451;6987;x
eidfjord;hardanger_fjord;8001;7016;x
abo;abo_skargard;8689;7001;x
iliamna;ursus_cove;737;6973;x
voss;hardanger_fjord;7976;7005;x
tilichiki;zapovednik_cape;15258;6999;x
apuka;pakhachi_coast;15417;7002;x
ketilsfjord;qaqortoq_coast;5660;7009;x
lundey;qaqortoq_coast;5633;6997;x
daxunhyuu;galyax_coast;1111;6993;x
ullensvang;hardanger_fjord;7978;7005;x
porvoo;west_gulf_of_finland;8867;6999;x
mekoryuq;dooksook_harbour;118;6969;x
kachemak;ursus_cove;801;6957;x
kymi_fi;west_gulf_of_finland;8887;7006;x
sauvo;abo_skargard;8719;6982;x
fana;bjorna_fjord;7935;6991;x
norrtalje;tralhavet;8559;6974;x
petursvik;qaqortoq_coast;5642;6985;x
skrytaya;zapovednik_cape;15212;6986;x
iiq;kwigillinok_coast;296;6989;x
helsinge;west_gulf_of_finland;8837;6995;x
quinhagaq;kwigillinok_coast;316;6969;x
kwigilingoq;kwigillinok_coast;244;6965;x
moster;hardanger_fjord;7948;6972;x
sjundea;west_gulf_of_finland;8809;6983;x
eggers_o;prins_christianssund_coast;5690;6968;x
lesnaya;okhosk_coast6;15017;6961;x
yakataga;yakutat_bay;1285;6960;x
nanwalek;kenai_fjords;845;6946;x
herjolfsnes;prins_christianssund_coast;5667;6979;x
galyax;galyax_coast;1186;6986;x
kichiga;bukhta_ossora;15145;6974;x
kvinnherad;hardanger_fjord;7955;6968;x
ekenas;west_gulf_of_finland;8769;6974;x
brokhovo;okhosk_coast18;14712;6964;x
laaxaayik;yakutat_bay;1347;6977;x
nunalla;churchill_shoal;3380;6942;x
yaakwdaat;yakutat_bay;1340;6959;x
ski;oslo_fjord;8173;6966;x
oslo;oslo_fjord;8174;6972;x
bragernes;oslo_fjord;8166;6954;x
suledal;bokna_fjord;7966;6942;x
haugalandet;bokna_fjord;7946;6928;x
tauisk;okhosk_coast28;14421;6929;x
magadan;okhosk_coast24;14537;6949;x
stockholm;stockholms_skargard;8542;6936;x
tallinn;west_gulf_of_finland;8835;6947;x
toolse;west_gulf_of_finland;8885;6953;x
swikshak;ursus_cove;701;6933;x
atargan;okhosk_coast24;14595;6937;x
moss;oslo_fjord;8175;6938;x
palana;okhosk_coast6;14978;6929;x
yamsk;okhosk_coast19;14671;6914;x
karaga;bukhta_ossora;15118;6921;x
sande;oslo_fjord;8163;6945;x
mamterat;togiak_harbour;348;6889;x
padise;west_gulf_of_finland;8789;6937;x
tonsberg;skagerrack;8161;6915;x
ushki;okhosk_coast30;14314;6937;x
jilkaat;funter_bay;1529;6925;x
t_aaku;funter_bay;1550;6879;x
ryfylke;bokna_fjord;7965;6921;x
okam;okhosk_coast32;14224;6931;x
sodertalje;stockholms_skargard;8525;6912;x
orkney;pentland_firth;7559;6909;x
borg;skagerrack;8191;6915;x
hapsal;north_central_baltic;8756;6910;x
karagin;bukhta_ossora;15151;6908;x
ul_ya;okhosk_coast34;14113;6867;x
navchak;north_aulatsivik_island;4810;6915;x
gunaaxoo;funter_bay;1482;6882;x
aa_kw;funter_bay;1503;6883;x
stavanger;bokna_fjord;7956;6906;x
des_nedhe;churchill_shoal;3401;6895;x
kaina;north_central_baltic;8712;6898;x
tupirvialuit;keglo_bay;4700;6906;x
stromstad;skagerrack;8198;6904;x
togiaq;togiak_harbour;396;6902;x
aguyaq;kvichak_bay;497;6902;x
igushiq;kvichak_bay;461;6887;x
skien;frier_fjord;8136;6906;x
igiugig;kvichak_bay;544;6897;x
agw_aneq;marmot_bay;759;6853;x
nykoping;braviken;8492;6896;x
sondeled;frier_fjord;8123;6894;x
kangiqsualujjuaq;alukpaluk_bay;4680;6890;x
voyampolka;okhosk_coast7;14947;6886;x
kuujjuaq;alukpaluk_bay;4587;6868;x
wapusk;thompson_point;3461;6858;x
ivashka;karaginsky_coast3;15079;6874;x
hornborg;skagerrack;8201;6883;x
st_martin;gulf_of_riga;8780;6858;x
oyestad;kristiansand_fjord;8085;6859;x
kolmarden;braviken;8466;6881;x
egegik;kvichak_bay;524;6873;x
valjala;north_central_baltic;8724;6880;x
thurso;moray_firth;7546;6860;x
norrkoping;braviken;8435;6883;x
durness;north_minch;7453;6862;x
soderkoping;braviken;8460;6866;x
tongue;cape_wrath;7499;6877;x
qikirtajuaq;alukpaluk_bay;4603;6860;x
qurlutuq;alukpaluk_bay;4647;6869;x
jaeren;obrestad_cape;7957;6869;x
kingmirtok;okak_bay;4838;6856;x
lewis;north_minch;7405;6854;x
tigil;okhosk_coast7;14912;6856;x
amalik;larsen_bay;647;6836;x
s_awdaan;stephens_passage;1609;6825;x
uddevalla;grenen_cape;8219;6853;x
xutsnoowu;stephens_passage;1590;6813;x
kuressaare;gulf_of_riga;8718;6849;x
parnu;gulf_of_riga;8806;6856;x
xunaa;funter_bay;1514;6854;x
flekkefjord;lindesnes_cape;7986;6854;x
harris;north_uist;7367;6834;x
konghalla;kattegatt;8224;6817;x
ugashik;kvichak_bay;515;6827;x
lindesnes;lindesnes_cape;8009;6840;x
oddernes;kristiansand_fjord;8058;6843;x
uka_town;karaginsky_coast3;15072;6826;x
napaktok;okak_bay;4866;6822;x
saarde;gulf_of_riga;8803;6837;x
dornoch;moray_firth;7515;6836;x
ullapool;north_minch;7444;6832;x
tjust;braviken;8456;6842;x
kovran;okhosk_coast10;14834;6808;x
su_naq;marmot_bay;740;6799;x
slite;western_gotland_basin;8530;6822;x
gairloch;north_minch;7427;6807;x
limbazi;gulf_of_riga;8800;6808;x
dingwall;moray_firth;7504;6814;x
dundaga;gulf_of_riga;8721;6814;x
enken;okhosk_coast36;14044;6793;x
sowunusiske;pen_islands;3483;6778;x
skagen;alborg_bugt;8173;6788;x
elgin;moray_firth;7529;6814;x
shtax_heen;stephens_passage;1620;6788;x
skye;little_minch;7399;6779;x
banff;moray_firth;7564;6816;x
buchan;kinnaird_head;7610;6799;x
uist;little_minch;7363;6793;x
kasukuak;chirikof_island;674;6747;x
utlandet;kattegatt;8231;6809;x
visby;western_gotland_basin;8515;6800;x
alinchak;chiginagak_fjords;558;6766;x
hjorring;jammer_bay;8134;6795;x
okak;aulatsivik_island;4879;6786;x
ventspils;coast_of_kurland;8667;6788;x
aniakchak;kvichak_bay;499;6795;x
shee_t_ika;yakobi_coast;1528;6763;x
kungsbacka;kattegatt;8240;6793;x
urquhart;moray_firth;7500;6801;x
kandava;gulf_of_riga;8742;6793;x
hoborg;oland_coast;8530;6771;x
oland;blekinge_kust;8437;6722;x
varberg;kattegatt;8247;6772;x
straupe;gulf_of_riga;8799;6780;x
aberdeen;firth_of_tay;7598;6780;x
ardtornish;little_minch;7419;6757;x
kichekokotic;pen_islands;3548;6785;x
chignik;chiginagak_fjords;505;6720;x
amiq;amiq_coast5;16349;6739;x
tukums;gulf_of_riga;8761;6769;x
aulatsivik;aulatsivik_island;4885;6752;x
thisted;limfjorden;8088;6754;x
stonehaven;firth_of_tay;7591;6759;x
salaspils;gulf_of_riga;8790;6773;x
khayryuzovo;kamtchatka_coast8;14811;6761;x
keex;keku_strait;1627;6726;x
durbe;coast_of_kurland;8665;6769;x
machichi;pen_islands;3486;6770;x
kamisak;kamisak_coast;3621;6761;x
riga;gulf_of_riga;8783;6768;x
grobina;coast_of_kurland;8651;6755;x
sanikiluaq;belcher_islands_coast5;4077;6714;x
aalborg;limfjorden;8136;6760;x
ars;limfjorden;8108;6746;x
halmstad;kattegatt;8266;6746;x
niskibi;kamisak_coast;3663;6742;x
ayan;okhosk_coast37;13969;6717;x
viborg;limfjorden;8105;6740;x
arbroath;firth_of_tay;7577;6739;x
mull;little_minch;7391;6735;x
oban;firth_of_lorne;7442;6732;x
randers;alborg_bugt;8164;6737;x
kangi_asinaq;unga_sea;435;6678;x
nunainguk;aulatsivik_island;4893;6716;x
ringkobing;ringkobing_fjord;8060;6719;x
qingaaluk;salikuit_islands;4199;6700;x
laholm;kattegatt;8280;6733;x
taant_a;metlakatla_sound;1706;6654;x
dundee;firth_of_tay;7563;6726;x
kalo;stora_balt;8176;6709;x
holstebro_lundenes;limfjorden;8086;6730;x
asbo;kattegatt;8269;6728;x
kamchatsk;kamchatskiy_zaliv2;15095;6713;x
perth;firth_of_tay;7547;6722;x
st_andrews;firth_of_tay;7563;6722;x
washeo;shagamu_coast;3702;6706;x
cupar;firth_of_forth;7547;6699;x
hinyaa;alexander_point;1613;6671;x
bregne;blekinge_kust;8406;6705;x
inverary;firth_of_lorne;7432;6713;x
helsingborg;oresund;8268;6696;x
islay;firth_of_lorne;7416;6692;x
aarhus;stora_balt;8160;6694;x
cowal;clyde_firth;7454;6683;x
solvesborg;skanska_kusten;8348;6692;x
ronneby;blekinge_kust;8379;6703;x
helsingor;oresund;8245;6702;x
palanga;coast_of_memel;8649;6696;x
bolling;ringkobing_fjord;8065;6691;x
ukasikalik;aulatsivik_island;4910;6694;x
kintyre;firth_of_lorne;7430;6672;x
dunbar;firth_of_forth;7566;6700;x
saanya;metlakatla_sound;1723;6636;x
dunfermline;firth_of_forth;7538;6695;x
qagaan;sanak_island;296;6627;x
dumbarton;clyde_firth;7481;6690;x
linlithgow;firth_of_forth;7539;6695;x
edinburgh;firth_of_forth;7548;6693;x
kalundborg;stora_balt;8192;6677;x
krutogorovskiy;ichinskiy_coast;14773;6674;x
shagamu;shagamu_coast;3743;6686;x
k_alii_xkalaan;lax_kw_alaams;1775;6689;x
paisley;clyde_firth;7478;6690;x
duns;firth_of_forth;7594;6687;x
qagiigun;unga_sea;392;6640;x
glasgow;clyde_firth;7492;6686;x
memel;curonian_coast;8650;6659;x
agvituk;kaipokok_bay;4948;6652;x
kuujjuarapik;salikuit_islands;4170;6662;x
kolding;stora_balt;8142;6671;x
roskilde;oresund;8228;6677;x
gladsax;skanska_kusten;8346;6663;x
gitxsanimaax;lax_kw_alaams;1775;6630;x
irvine;clyde_firth;7470;6668;x
berwick;firth_of_forth;7604;6674;x
kobenhavn;oresund;8260;6666;x
varde;esperance_bay;8070;6659;x
arran;clyde_firth;7445;6664;x
ministik;mouth_of_the_winisk;3800;6657;x
malmo;arkona_cape;8306;6649;x
alnwick;northumbrian_coast;7618;6659;x
odense;stora_balt;8174;6659;x
assens;lilla_balt;8141;6645;x
avlayakan;southern_udskaya_bay;13874;6635;x
ayr;clyde_firth;7468;6643;x
haderslev;lilla_balt;8132;6645;x
slagelse;stora_balt;8204;6641;x
ringsted;oresund;8258;6642;x
ribe;esperance_bay;8079;6649;x
sobolevo;krutogorovskiy_coast;14773;6614;x
inishowen;lough_foyle;7354;6647;x
morpeth;northumbrian_coast;7620;6645;x
ostrov_beringa;bering_coast3;15278;6614;x
wabuk;mouth_of_the_winisk;3838;6642;x
kaipokok;kaipokok_bay;4975;6635;x
ballycastle;lough_foyle;7408;6643;x
kinusheo;cape_henrietta_maria;3912;6640;x
hammershus;skanska_kusten;8375;6638;x
kilmacrennan;bloody_foreland;7321;6636;x
tupialuviniq;vauquelin_point;4118;6625;x
fischhausen;curonian_coast;8628;6626;x
dunluce;lough_foyle;7395;6643;x
aillik;kaipokok_bay;5009;6623;x
svendborg;lilla_balt;8168;6618;x
coleraine;lough_foyle;7378;6637;x
tonder;north_frisian_islands;8079;6615;x
vordingborg;oresund;8249;6629;x
shantar;southern_udskaya_bay;13936;6608;x
newcastle;northumbrian_coast;7624;6630;x
unimax;sanak_island;252;6598;x
lakitusaki;cape_henrietta_maria;3949;6617;x
aabenraa;lilla_balt;8142;6627;x
derry;lough_foyle;7366;6628;x
donegal;donegal_bay;7305;6596;x
raphoe;lough_foyle;7347;6627;x
stranraer;north_channel;7467;6607;x
durham;northumbrian_coast;7630;6618;x
navskov;stora_balt;8213;6619;x
carrickfergus;north_channel;7430;6605;x
dumfries;solway_firth;7535;6620;x
falster;fischland_coast;8240;6605;x
carlisle;solway_firth;7548;6620;x
kirkcudbright;solway_firth;7511;6608;x
tessuialluk;sloop_harbour_point;5064;6600;x
cockermouth;solway_firth;7532;6611;x
atikuan;vauquelin_point;4077;6611;x
flensburg;lilla_balt;8140;6608;x
lebork;east_pommerania_coast;8498;6611;x
sm_algyax;lax_kw_alaams;1754;6562;x
stockton;northumbrian_coast;7634;6605;x
slupsk;east_pommerania_coast;8470;6603;x
chumikan;southern_udskaya_bay;13859;6603;x
torom;southern_udskaya_bay;13905;6597;x
newtownards;north_channel;7434;6591;x
rugen;fischland_coast;8291;6594;x
konigsberg;vistula_lagoon;8618;6601;x
egremont;solway_firth;7527;6585;x
husum;north_frisian_islands;8087;6588;x
slesvig;lilla_balt;8150;6594;x
brandenburg_prussia;vistula_lagoon;8613;6598;x
belfast;north_channel;7423;6600;x
whitby;flamborough_head;7652;6595;x
slawno;east_pommerania_coast;8438;6588;x
balga;vistula_lagoon;8599;6592;x
heiligenhafen;bay_lubeck;8193;6582;x
dromahair;donegal_bay;7310;6588;x
downpatrick;dundalk_bay;7431;6570;x
scarborough;flamborough_head;7671;6580;x
eckernforde;lilla_balt;8151;6589;x
gdansk;vistula_lagoon;8580;6580;x
stralsund;fischland_coast;8271;6583;x
kirovskiy;oktyabr_skii_coast;14789;6533;x
sligo;donegal_bay;7298;6582;x
plon;lilla_balt;8160;6585;x
frombork;vistula_lagoon;8588;6582;x
mann;north_channel;7481;6577;x
nanghaer;severny_bay;14184;6544;x
ribnitz;fischland_coast;8254;6578;x
kiel;lilla_balt;8155;6580;x
elblag;vistula_lagoon;8577;6576;x
patchepawapoka;bear_islands;3946;6562;x
erris;clew_bay;7232;6563;x
qawalangin;derby_point;132;6543;x
koszalin;pommeranian_coast;8418;6573;x
usalgin;akademiya_bay;13986;6543;x
nurgan;northern_sakhalin_bay;14086;6536;x
skreen;donegal_bay;7285;6575;x
kiis_gwaay;kiusta_point;1643;6565;x
heide;elbe_estuary;8096;6559;x
rostock;bay_lubeck;8244;6570;x
aivitok;sloop_harbour_point;5062;6570;x
tikigaksuagusik;sloop_harbour_point;5031;6566;x
iveagh;dundalk_bay;7420;6559;x
bridlington;humber_estuary;7682;6556;x
kolobrzeg;pommeranian_coast;8401;6569;x
grimmen;pommeranian_bay;8301;6568;x
kendal;liverpool_bay;7549;6562;x
doberan;bay_lubeck;8225;6567;x
wolgast;pommeranian_bay;8311;6565;x
swinousjcie;stettin_lagoon;8336;6544;x
lancaster;liverpool_bay;7559;6561;x
gryfia_gora;pommeranian_coast;8383;6564;x
chisasibi;kakachischuan_point;4092;6543;x
oriel;dundalk_bay;7407;6560;x
kamien;stettin_lagoon;8355;6541;x
dundalk;dundalk_bay;7406;6552;x
inutsualak;sloop_harbour_point;5087;6548;x
eutin;bay_lubeck;8183;6558;x
burrishoole;clew_bay;7237;6543;x
wismar;bay_lubeck;8211;6551;x
lubeck;bay_lubeck;8185;6555;x
grevesmuhlen;bay_lubeck;8199;6557;x
haisla;banks_coast;1828;6540;x
preston;liverpool_bay;7550;6546;x
tugur;southern_udskaya_bay;13914;6545;x
ritzebuttel;jade_bay;8078;6536;x
ekwan;bear_islands;3953;6519;x
hull;humber_estuary;7693;6536;x
neuhaus;elbe_estuary;8117;6543;x
steinburg;elbe_estuary;8119;6540;x
natsitok;sloop_harbour_point;5091;6530;x
anklam;stettin_lagoon;8326;6542;x
jever;jade_bay;8048;6536;x
uivvatok;hawke_island;5141;6519;x
drogheda;dundalk_bay;7407;6534;x
ueckermunde;stettin_lagoon;8341;6539;x
heiltsuk;banks_coast;1813;6495;x
emden;emms_estuary;8013;6522;x
liverpool;liverpool_bay;7549;6521;x
clifden;galway_bay;7250;6500;x
fingal;dundalk_bay;7414;6525;x
elsfleth;jade_bay;8069;6520;x
goleniow;stettin_lagoon;8359;6518;x
grimsby;humber_estuary;7685;6528;x
louth;humber_estuary;7693;6523;x
pinneberg;elbe_estuary;8131;6525;x
stade;elbe_estuary;8131;6525;x
maquatua;kakachischuan_point;4098;6501;x
groningen;emms_estuary;7986;6516;x
gestenthorpe;jade_bay;8081;6522;x
leeuwarden;emms_estuary;7970;6514;x
stettin;stettin_lagoon;8359;6517;x
harlingen;wadden_sea;7940;6512;x
appingedam;emms_estuary;8009;6509;x
mahnahwoonan;kakachischuan_point;4053;6501;x
anglesey;dublin_bay;7483;6500;x
chester;liverpool_bay;7546;6508;x
flint;liverpool_bay;7538;6511;x
dublin;dublin_bay;7413;6502;x
conwy;liverpool_bay;7511;6506;x
denbigh;liverpool_bay;7525;6507;x
hoorn;wadden_sea;7916;6491;x
oktyabr_skii;ozero_bol_shoye;14806;6449;x
ikkatuluk;hawke_island;5149;6482;x
gwaay_haanas;banks_coast;1713;6448;x
galway;galway_bay;7277;6500;x
leer;emms_estuary;8020;6503;x
wedde;emms_estuary;8019;6503;x
akimiski;bear_islands;3987;6474;x
achava;bukhta_mutnaya;14922;6484;x
ennis;galway_bay;7265;6492;x
carnarvon;dublin_bay;7488;6487;x
stavoren;wadden_sea;7936;6487;x
wicklow;st_georges_channel;7415;6477;x
boston;wash;7701;6488;x
attawapiskat;bear_islands;3953;6480;x
akuugun;kagamil_sland;16329;6468;x
sasignan;agattu_island1;15581;6472;x
fakenham;wash;7726;6485;x
bulava;amursky_bay;14120;6455;x
yarmouth;anglian_coast;7762;6473;x
harlech;cardigan_bay;7503;6467;x
moyarta;shannon_estuary;7256;6459;x
spalding;wash;7699;6476;x
mistimakan;cape_hope_islands;4107;6459;x
lynn;wash;7707;6474;x
sloten;zuiderzee;7947;6474;x
wolvega;zuiderzee;7955;6471;x
kampen;zuiderzee;7959;6461;x
otadaonanis;bear_islands;3974;6454;x
ferns;st_georges_channel;7408;6459;x
alkmaar;zuiderzee;7923;6449;x
limerick;shannon_estuary;7278;6462;x
wuliehe;niyskiy_bay;14216;6398;x
tralee;shannon_estuary;7245;6449;x
adare;shannon_estuary;7265;6458;x
catucto;black_bear_bay;5153;6437;x
aberystwyth;cardigan_bay;7503;6447;x
lowestoft;thames;7768;6440;x
harderwijk;zuiderzee;7949;6443;x
amsterdam;zuiderzee;7921;6442;x
wexford;st_georges_channel;7400;6440;x
nuxalc;hakai_coast;1887;6429;x
kitasoo;hakai_coast;1897;6435;x
niigugis;seguam_coast1;16159;6428;x
pitchibourenik;cape_hope_islands;4106;6416;x
the_hague;rhine_estuary;7882;6421;x
dingle;bantry_bay;7226;6424;x
cardigan;cardigan_bay;7488;6431;x
kashechewan;bear_islands;3988;6426;x
amersfoort;zuiderzee;7936;6437;x
idy_sakhalin;aleksandrovskiy_bay;14155;6323;x
new_ross;hook_head;7379;6428;x
waterford;hook_head;7366;6427;x
ipswich;thames;7758;6420;x
oweekeno;hakai_coast;1874;6391;x
pauzhetka;lopatka_cape;14840;6356;x
fishguard;cardigan_bay;7470;6422;x
qaxun;amchitka_island2;15816;6409;x
sivukutaitiarruvik;cape_hope_islands;4071;6422;x
carrickbeg;hook_head;7350;6424;x
killarney;bantry_bay;7225;6405;x
naahmigus;gareloi_island;16008;6404;x
dungarvan;cork_harbour;7339;6413;x
wapiskau;cape_hope_islands;4019;6405;x
belle_isle;groais_island;5155;6359;x
red_bay;black_bear_bay;5127;6400;x
colchester;thames;7744;6402;x
rotterdam;rhine_estuary;7879;6403;x
youghal;cork_harbour;7328;6407;x
cork;cork_harbour;7315;6403;x
dordrecht;rhine_estuary;7897;6405;x
pembroke;severn;7477;6394;x
carbery;bantry_bay;7240;6391;x
kinsale;cork_harbour;7305;6395;x
geertruidenberg;rhine_estuary;7897;6405;x
middelburg;rhine_estuary;7868;6390;x
deren;mosolova_bay;14101;6373;x
carmarthen;severn;7489;6399;x
prittlewell;thames;7729;6386;x
kidwelly;severn;7493;6394;x
waskaganish;cape_hope_islands;4102;6385;x
missicabi;cape_hope_islands;4085;6386;x
gloucester;severn;7571;6392;x
bergen_zoom;rhine_estuary;7888;6394;x
kilbrittain;mizen_head;7267;6381;x
bristol;severn;7568;6389;x
swansea;severn;7501;6386;x
monmouth;severn;7568;6389;x
neath;severn;7518;6384;x
newport;severn;7560;6385;x
cardiff;severn;7540;6374;x
moosonee;cape_hope_islands;4037;6372;x
portishead;severn;7557;6378;x
napetipi;amour_point;5067;6377;x
barking;thames;7704;6379;x
rochester;thames;7710;6380;x
london;thames;7696;6382;x
canterbury;thames;7733;6377;x
bruges;scheldt_estuary;7844;6376;x
hulst;scheldt_estuary;7870;6376;x
dover;strait_of_dover;7754;6359;x
antwerp;scheldt_estuary;7884;6374;x
sint_niklaas;scheldt_estuary;7884;6374;x
quawshelah;beaver_cove;1903;6340;x
ostend;scheldt_estuary;7822;6366;x
mecatina;saint_agustin_bay;5018;6353;x
barnstaple;severn;7505;6365;x
minehead;severn;7537;6363;x
olimisk;cape_hope_islands;4058;6362;x
veurne;scheldt_estuary;7812;6360;x
dunkirk;strait_of_dover;7795;6354;x
naskwotchu;amour_point;5094;6339;x
hythe;strait_of_dover;7735;6347;x
bideford;severn;7490;6351;x
calais;strait_of_dover;7776;6349;x
tanakteuk;beaver_cove;1945;6328;x
tlatlasikwala;raft_cove;1854;6319;x
bodmin;bude_bay;7473;6329;x
paramushiru;kambalny_bay;14783;6324;x
homalco;haro_strait;2006;6323;x
hastings;strait_of_dover;7721;6340;x
boulogne_sur_mer;strait_of_dover;7762;6333;x
tumzhdin;khadzhi_bay;14087;6309;x
southampton;solent;7629;6339;x
shumushu;lopatka_cape;14813;6328;x
wipetikil;grey_islands;5130;6317;x
lymington;solent;7620;6331;x
portsmouth;solent;7639;6334;x
shoreham;seven_sisters;7677;6336;x
chichester;solent;7655;6330;x
lewes;seven_sisters;7695;6332;x
coacoachou;mecatina_islands;4979;6314;x
wight;solent;7626;6323;x
dorchester;lyme_bay;7562;6329;x
poole;solent;7601;6328;x
exeter;lyme_bay;7544;6326;x
weymouth;lyme_bay;7582;6323;x
ma_amtagila;beaver_cove;1919;6320;x
plymouth;lyme_bay;7531;6306;x
boluohe;terpeniya_bay;14244;6232;x
montreuil;strait_of_dover;7760;6310;x
k_omoks;haro_strait;1993;6291;x
klahoose;haro_strait;2012;6296;x
truro;lizard_point;7459;6288;x
launceston;lizard_point;7487;6304;x
pigou;sept_iles_bay;4729;6300;x
mingan;mingan_islands;4784;6299;x
uashat;cartier_point;4674;6295;x
aguanish;lake_island;4845;6299;x
kegaska;les_blacklands;4929;6295;x
natashquan;vieux_poste_point;4884;6288;x
abbeville;alabaster_coast;7757;6294;x
sliammon;haro_strait;2020;6274;x
mekapisk;bay_of_islands;5052;6258;x
baie_verte;grey_islands;5137;6284;x
maaqtusiis;cheleset_coast;1895;6282;x
sechelt;haro_strait;2043;6259;x
upsukdaskooch;grey_islands;5108;6274;x
datta;khadzhi_bay;14088;6258;x
aumale;alabaster_coast;7750;6286;x
mistecapiu;cartier_point;4645;6281;x
arques;alabaster_coast;7744;6281;x
notiskuan;mingan_islands;4777;6278;x
longueville;alabaster_coast;7737;6278;x
fecamp;alabaster_coast;7719;6274;x
pentlatch;haro_strait;2014;6252;x
anticosti;lake_island;4829;6264;x
nayoro;delanglya_bay;14149;6191;x
akilasiewakik;notre_dame_channel;5221;6253;x
jersey;saint_malo_gulf;7585;6242;x
cherbourg;seine_bay;7622;6261;x
squamish;georgia_strait;2079;6248;x
yuquot;hot_springs_cove;1944;6237;x
onnekotan;kapari_cape;14740;6238;x
walnaypek;notre_dame_bay;5163;6247;x
tancarville;seine_bay;7693;6251;x
ouiauirabugu;anglais_point;4627;6241;x
natigostec;anticosti_coast;4879;6220;x
st_sauveur;saint_malo_gulf;7614;6231;x
whonnock;georgia_strait;2083;6230;x
bayeux;seine_bay;7650;6242;x
lisieux;seine_bay;7692;6240;x
caen;seine_bay;7673;6239;x
eimastukwek;st_george_bay;5038;6222;x
piletisipuk;saint_lawrence_estuary;4582;6221;x
mekwiskajk;freels_cape;5246;6215;x
stz_uminus;georgia_strait;2063;6217;x
chicchoc;coast_of_gaspe;4702;6233;x
marsoui;anglais_point;4657;6224;x
gaspe;gamache_bay;4741;6228;x
ucluelet;flattery_strait;1990;6212;x
coutances;saint_malo_gulf;7618;6215;x
lhaq_temish;oyster_bay;2099;6197;x
matane;saint_lawrence_estuary;4616;6207;x
koppi;cape_peschanyy;14063;6170;x
nipigon;black_bay;3674;6187;x
kutapuskuj;saint_georges_bay;5010;6183;x
aguasabon;schreiber_channel;3720;6199;x
pessamit;boisvert_point;4554;6202;x
treguier;breton_sea;7534;6205;x
saanich;oyster_bay;2077;6194;x
avranches;saint_malo_gulf;7620;6197;x
chatelaudren;saint_malo_gulf;7561;6195;x
mitis;saint_lawrence_estuary;4595;6196;x
kaministiquia;thunder_bay;3642;6182;x
pekatek;schreiber_channel;3759;6193;x
skagit;oyster_bay;2113;6186;x
st_pol_de_leon;breton_sea;7512;6197;x
saint_malo;saint_malo_gulf;7600;6195;x
pewjeg;gaspe_bay;4760;6176;x
brest;ushant;7467;6176;x
saint_brieuc;saint_malo_gulf;7577;6191;x
ditidaht;fuca_strait;2035;6181;x
mollyhuajeck;bonavista_bay;5263;6173;x
essipit;boisvert_point;4538;6182;x
dol;saint_malo_gulf;7612;6191;x
rimouski;boisvert_point;4565;6177;x
epwikek;saint_georges_bay;5007;6161;x
makah;olympic_coast;2016;6152;x
snohomish;kitsap_bay;2116;6158;x
le_faou;ushant;7491;6170;x
neebing;thunder_bay;3629;6162;x
chateaulin;ushant;7488;6164;x
tadoussac;saguenay_fjord;4521;6160;x
kakouna;boisvert_point;4545;6163;x
sklallam;fuca_strait;2075;6159;x
minong;thunder_bay;3643;6144;x
paspebiac;chaleur_bay;4679;6156;x
kouate;saguenay_fjord;4515;6147;x
cascapedia;chaleur_bay;4710;6151;x
bacalhieu;bonavista_bay;5256;6137;x
matapedia;chaleur_bay;4660;6152;x
quimper;coast_of_cornouaille;7491;6142;x
molsemtekw;saguenay_fjord;4526;6145;x
pogomeg;chaleur_bay;4681;6148;x
michipicoten;michipicoten_bay;3804;6143;x
restigouche;chaleur_bay;4660;6152;x
caraquet;chaleur_bay;4732;6136;x
wissakode;chequamegon_bay;3584;6133;x
duwamish;kitsap_bay;2121;6138;x
twana;kitsap_bay;2115;6120;x
kushunkotan;cape_yevstafiya;14203;6086;x
nepisiguit;chaleur_bay;4701;6133;x
quimperle;coast_of_cornouaille;7520;6135;x
samarginka;cape_peschanyy;14026;6126;x
maqtewey;placentia_bay;5226;6135;x
amasipukwek;hermitage_bay;5125;6123;x
sibook;fortune_bay;5158;6116;x
cape_spear;conception_bay;5283;6124;x
placentia;placentia_bay;5235;6109;x
agawa_superior;michipicoten_bay;3824;6118;x
taoondewake;saguenay_fjord;4503;6128;x
gosaoie;laurentian_channel;5015;6122;x
hennebont;coast_of_cornouaille;7535;6128;x
kamouraska;saguenay_fjord;4514;6126;x
menageesenog;grosse_island;4881;6117;x
nogamsig;burgeo_bank;5065;6124;x
nukamkiajijk;placentia_bay;5211;6111;x
tracadie;miramichi_bay;4739;6121;x
vannes;quiberon_bay;7551;6116;x
guohuo;cape_lopatina;14149;6070;x
chala_at;grays_harbour;2037;6099;x
makoua;chequamegon_bay;3543;6107;x
puyallup;kitsap_bay;2122;6113;x
aunona;mouth_of_saint_lawrence;4485;6111;x
redon;quiberon_bay;7574;6116;x
keweenaw;keweenaw_bay;3674;6091;x
guerande;quiberon_bay;7578;6104;x
neguac;miramichi_bay;4729;6099;x
kamitsisit;mouth_of_saint_lawrence;4485;6091;x
nisqually;kitsap_bay;2110;6095;x
machecoul;quiberon_bay;7591;6091;x
tana;taganrog_gulf;9476;6096;x
cape_race;trepassey_bay;5260;6063;x
taganrog;taganrog_gulf;9452;6093;x
ondaonnentakwi;mouth_of_saint_lawrence;4472;6090;x
shimushiru;aron_cape;14610;6084;x
batchawana;whitefish_bay;3841;6076;x
miquelon;st_pierre_bank;5132;6072;x
sarayjuk;caspian_sea19;10037;6079;x
shyrokyne;belosaraysk_gulf;9416;6090;x
ryn;caspian_sea18;9986;6072;x
gaamiskwaabikaang;chequamegon_bay;3548;6079;x
miramichi;miramichi_bay;4726;6089;x
kouchibouguac;abegweit_passage;4738;6077;x
kema;cape_sosunova;13986;6052;x
nemadji;chequamegon_bay;3511;6078;x
domakha;belosaraysk_gulf;9393;6078;x
ahwendoe;mouth_of_saint_lawrence;4466;6078;x
ingonish;cabot_strait;4941;6082;x
azok;taganrog_gulf;9469;6086;x
tignish;abegweit_passage;4764;6072;x
beauvoir;ile_de_re;7589;6065;x
chehalis;grays_harbour;2047;6079;x
tenteksor;caspian_sea20;10099;6080;x
ontonagon;chequamegon_bay;3606;6074;x
dashev;dnieper_bug_estuary;9131;6060;x
ishpeming;keweenaw_bay;3714;6059;x
teligol;dnieper_bug_estuary;9101;6056;x
shcherbinovka;taganrog_gulf;9446;6076;x
etchemin;mouth_of_saint_lawrence;4466;6078;x
stadacona;mouth_of_saint_lawrence;4453;6076;x
berdiansk;obitochny_gulf;9347;6063;x
cheticamp;rouge_cape;4912;6057;x
vithold_hammami;dnieper_bug_estuary;9145;6067;x
tahquamenon;whitefish_bay;3815;6070;x
balzimachi;yasensk_bay;9427;6042;x
ganyushkino;caspian_sea17;9952;6038;x
richibucto;abegweit_passage;4748;6051;x
melitopol;genichskaya_channel;9302;6052;x
chinook;chinook_bay;2049;6037;x
chequamegon;chequamegon_bay;3566;6061;x
talmont;ile_de_re;7613;6047;x
kyrylivka;genichskaya_channel;9301;6048;x
ushkan;caspian_sea20;10110;6056;x
baawitigong;manitoulin_channel;3872;6036;x
oleshia;dnieper_bug_estuary;9154;6055;x
malpeque;tatamagouche_bay;4787;6038;x
ordu_bazar;dnieper_bug_estuary;9141;6048;x
tapu_tuitn;malpeque_bay;4814;6049;x
kluskapewiktuk;sydney_bight;4938;6044;x
khadjibey;dniester_estuary;9085;6032;x
mackinac;northern_lake_huron;3851;6014;x
pukusamkek;northumberland_strait;4854;6039;x
sipuk;sydney_bight;4955;6037;x
fontenay;ile_de_re;7633;6037;x
enice;genichskaya_channel;9285;6028;x
memramcook;tatamagouche_bay;4781;6031;x
la_rochelle;ile_de_re;7637;6026;x
mississagi;manitoulin_channel;3907;6029;x
oleron;ile_de_re;7629;6022;x
krasny_yar;caspian_sea16;9912;6002;x
uruppu;nobitsu_cape;14522;6009;x
eskimanetigon;cunningham_point;3953;6025;x
elsiktuk;tatamagouche_bay;4819;6030;x
akhtar;yasensk_bay;9427;6020;x
kanevskaya;yasensk_bay;9444;6027;x
qalancaq;karkinit_bay;9196;6022;x
or_qapi;karkinit_bay;9221;6016;x
qospemk;strait_of_canso;4890;6010;x
cetatea_alba;dniester_estuary;9071;6013;x
manistique;strait_of_makinac;3793;6016;x
wemitigoj;georgian_bay;3997;6013;x
askataliank;misaine_bank;4964;6013;x
manitoulin;cunningham_point;3956;6008;x
chignecto;tatamagouche_bay;4794;6012;x
rochefort;gironde;7633;6000;x
menominee;green_bay;3733;5996;x
antigonish;strait_of_canso;4880;5997;x
memesagamesing;georgian_bay;4019;6002;x
aqmecit;karkinit_bay;9193;5999;x
tillamook;tillamook_bay;2048;5978;x
petitcodiac;chignecto_bay;4748;6001;x
maccan;chignecto_bay;4749;5994;x
cheboygan;strait_of_makinac;3815;5991;x
pictou;pictou_banks;4838;6003;x
tatamagouche;pictou_banks;4813;6004;x
trieste;gulf_venice;8316;5998;x
th_archipelago_river_of_estuary;th_waning_full_corner_sea;15647;6002;x
udine;gulf_venice;8292;5998;x
aquileia;gulf_venice;8302;5997;x
sarata;north_danube_delta;9047;5992;x
apaqtukowatek;canso_bank;4922;5993;x
copa;temryuk_bay;9402;5986;x
astrakhan;caspian_sea15;9871;5975;x
royan;gironde;7647;5989;x
mestre;gulf_venice;8266;5988;x
shawanaga;georgian_bay;4039;5976;x
chipoudy;chignecto_bay;4723;5985;x
lesparre_medoc;gironde;7650;5982;x
shibetoro;seoroshi_cape;14460;5975;x
rovinj;gulf_venice;8307;5978;x
ikryanoye;caspian_sea15;9863;5988;x
canso;canso_bank;4905;5969;x
chilia;north_danube_delta;9043;5988;x
th_gaea_temple;th_lunar_debris_west_zone_sea;15664;5979;x
souya;rishiri_channel;14137;5979;x
venice;gulf_venice;8259;5978;x
vosporo;strait_kerch;9352;5973;x
th_pallas_school;th_lunar_debris_west_zone_sea;15672;5973;x
tulcea;north_danube_delta;9047;5971;x
kaffa;kaffa_bay;9317;5959;x
taman;strait_kerch;9366;5971;x
rishiri;rishiri_channel;14116;5972;x
th_clotho_great_plain;th_lunar_capital_east_sea;15702;5973;x
shana;seoroshi_cape;14430;5957;x
manitowoc;green_bay;3719;5963;x
jonzac;gironde;7656;5979;x
kabakty;caspian_sea23;10040;5978;x
dardeling;caspian_sea15;9852;5963;x
mispec;bay_of_fundy;4700;5971;x
cobequid;minas_basin;4790;5978;x
wequetong;strait_of_makinac;3801;5955;x
nochemoweniing;georgian_bay;3992;5962;x
jijkwtuk;minas_basin;4758;5972;x
kennetook;minas_basin;4777;5971;x
rijeka;kvarner_gulf;8346;5975;x
kezlev;kalamita_bay;9204;5964;x
nogule;rynda_bay;13911;5956;x
libourne;gironde;7658;5970;x
th_imperial_dragon_hills;th_ryujin_festival_sea;15384;5970;x
crikvenica;kvarner_gulf;8360;5965;x
menahkwesk;bay_of_fundy;4683;5969;x
pazin;kvarner_gulf;8339;5960;x
th_broken_apollo_11;th_lunar_debris_west_zone_sea;15604;5960;x
th_three_worlds_rift_observatory;th_lunar_debris_west_zone_sea;15664;5970;x
th_eye_of_prometheus;th_lunar_debris_west_zone_sea;15675;5970;x
chioggia;gulf_venice;8258;5960;x
krk;kvarner_gulf;8356;5954;x
pag;zadar_strait;8361;5918;x
asiniike;whitefish_point;3899;5948;x
nictaux;minas_basin;4734;5962;x
wikipoq;middle_bank;4876;5957;x
esashi_hokkaido;chikapunotsu_cape;14185;5947;x
chamcook;grand_manan_basin;4644;5960;x
teshio;rishiri_channel;14139;5954;x
passamaquoddy;grand_manan_basin;4637;5947;x
pocologan;bay_of_fundy;4664;5960;x
th_isolated_archipelago;th_dragon_scale_strait_sea;15236;5950;x
th_thunder_swimer_neighbourhood;th_sleeping_dragon_sea;15346;5958;x
castelnau_de_medoc;gironde;7635;5956;x
furubetsu;sango_cape;14404;5955;x
oconto;green_bay;3695;5947;x
th_terrace_milky_way_waterfall;th_dragon_pearl_reef_sea;15454;5938;x
th_hecatia_mansion;th_lunar_debris_west_zone_sea;15653;5956;x
enisala;south_danube_delta;9017;5943;x
ketik_kala;caspian_sea24;9994;5932;x
cognashene;georgian_bay;4052;5952;x
qirq_yer;kalamita_bay;9220;5947;x
senj;kvarner_gulf;8369;5949;x
mapa;tsemess_bay;9390;5944;x
th_jade_capital_terrace_main;th_dragon_pearl_reef_sea;15425;5950;x
th_meridian_monitoring_station;th_feather_robe_crossing_sea;15566;5939;x
th_archipelago_karmic_fire_cliff;th_lunar_debris_west_zone_sea;15632;5953;x
th_oreadia;th_lunar_capital_east_sea;15719;5948;x
grand_manan;grand_manan_basin;4646;5941;x
pola;cape_kamenjak;8318;5946;x
th_armstong_footstep;th_feather_robe_crossing_sea;15585;5936;x
weljuik;middle_bank;4852;5946;x
soldaia;cape_meganom;9284;5942;x
la_teste_de_buch;coast_aquitaine;7636;5933;x
th_dragon_breathe;th_dragon_island_inland_sea;15318;5922;x
th_nyx_temple;th_lunar_debris_west_zone_sea;15646;5947;x
nmejuaqnek;bay_of_fundy;4704;5941;x
ossossane;georgian_bay;4046;5936;x
etorofu;sango_cape;14384;5934;x
etharita;georgian_bay;4019;5937;x
kaotia;georgian_bay;4058;5943;x
comacchio;po_delta;8251;5938;x
th_eye_of_storm;th_dragon_pearl_reef_sea;15413;5935;x
th_hangtian_barony;th_lunar_debris_west_zone_sea;15615;5940;x
th_dream_devouring_maelstrom;th_tsukuyomi_dream_throne_sea;15642;5929;x
th_lightning_fork;th_dragon_pearl_reef_sea;15387;5938;x
babadag;south_danube_delta;9004;5927;x
musquedoboit;emerald_bank;4823;5934;x
lusta;cape_sarych;9247;5918;x
th_ourea_cliff;th_lunar_capital_east_sea;15721;5936;x
theodoro;cape_fiolent;9218;5921;x
susaco;tsemess_bay;9412;5931;x
kara_bazaar;caspian_sea14;9828;5922;x
machias;schoodic_ridge;4610;5925;x
wekwayik;grand_manan_basin;4679;5914;x
th_floating_clouds_seaside;th_dragon_pearl_reef_sea;15396;5935;x
th_keystone_port;th_dragon_pearl_reef_sea;15430;5929;x
th_blessed_three_way_fork;th_dream_reality_sea1;15738;5928;x
boojwiikwedong;green_bay;3690;5929;x
monbetsu;chikapunotsu_cape;14214;5917;x
wetewatoqsik;lahave_bank;4784;5921;x
kjipuktuk;emerald_bank;4805;5930;x
th_thunder_zone;th_dragon_island_inland_sea;15328;5919;x
tomamae;ofuyu_cape;14141;5918;x
aspotogan;lahave_bank;4771;5924;x
ravenna;po_delta;8253;5920;x
yaquina;newport_cove;2042;5908;x
saganing;saginaw_bay;3888;5896;x
th_hinanawi_meteorological_bureau;th_sleeping_dragon_sea;15275;5929;x
onekama;traverse_bay;3761;5909;x
saugeen;clark_point;3975;5906;x
kaseg;zadar_strait;8381;5919;x
kunashiri;nemuro_bay;14321;5883;x
th_perses_highland;th_tsukuyomi_dream_throne_sea;15647;5919;x
th_tribulation_tempering_field;th_dragon_scale_strait_sea;15244;5915;x
passagassawkeag;penobscot_bay;4550;5906;x
majabigwaduce;penobscot_bay;4571;5911;x
th_anemoi_valley;th_dream_reality_sea1;15742;5916;x
mimizan;coast_aquitaine;7631;5910;x
th_meridian_fuse_boundary;th_tsukuyomi_dream_throne_sea;15581;5902;x
pemetic;penobscot_bay;4567;5901;x
esekatik;lahave_bank;4763;5906;x
savona;gulf_genoa;8081;5911;x
genoa;gulf_genoa;8097;5914;x
lavagna;gulf_genoa;8115;5909;x
tuapse;circassian_coast;9472;5892;x
shibetsu;nemuro_bay;14297;5881;x
gananoque;bay_of_quinte;4226;5910;x
shari;notoro_cape;14289;5895;x
th_celestial_dragon_forbidden_place;th_dragon_island_inland_sea;15341;5909;x
cataraqui;bay_of_quinte;4216;5906;x
novigrad;zadar_strait;8393;5909;x
nikahionhwakowa;bay_of_quinte;4220;5892;x
zadar;murter_strait;8383;5888;x
cesena;po_delta;8257;5905;x
constanta;south_danube_delta;8998;5901;x
th_selene_temple;th_tsukuyomi_dream_throne_sea;15659;5903;x
th_coeus_port;th_tsukuyomi_dream_throne_sea;15671;5903;x
th_dense_fog_shore;th_dragon_island_inland_sea_west;15411;5892;x
terek;caspian_sea14;9852;5884;x
th_dragon_palace;th_dragon_island_inland_sea;15335;5903;x
th_datura_garden;th_tsukuyomi_dream_throne_sea;15683;5901;x
th_tethys_port;th_toyohime_connection_channel_sea;15734;5897;x
napanee;bay_of_quinte;4192;5897;x
th_hecate_avenue;th_toyohime_connection_channel_sea;15704;5903;x
th_horn_of_lenty;th_toyohime_connection_channel_sea;15719;5903;x
ganneious;bay_of_quinte;4180;5901;x
rumoi;ofuyu_cape;14136;5886;x
quinte;bay_of_quinte;4180;5893;x
finalborgo;gulf_genoa;8072;5900;x
rimini;romagna_coast;8268;5892;x
th_sea_of_tranquility_port;th_tsukuyomi_dream_throne_sea;15632;5892;x
th_aurora_exhibition;th_dragon_island_inland_sea;15288;5891;x
tokoro;notoro_cape;14243;5898;x
albenga;riviera_ponente;8061;5884;x
sarzana;riviera_levante;8138;5893;x
th_grove_jade_shell_beach;th_dragon_island_inland_sea;15324;5883;x
oqumkikiak;lahave_bank;4749;5893;x
tartas;basque_coast;7626;5883;x
anju_nurgan;cape_ostrovnoy;13797;5827;x
abashiri;notoro_cape;14259;5894;x
th_hermit_home;th_dragon_scale_strait_sea;15243;5889;x
th_royal_guard_garrison;th_tsukuyomi_dream_throne_sea;15592;5887;x
shebeon;saginaw_bay;3900;5888;x
sagadahoc;casco_bay;4519;5880;x
th_sea_of_fertility;th_tsukuyomi_dream_throne_sea;15686;5895;x
fosdinovo;riviera_levante;8151;5890;x
pangalia;kaliakra_point;8995;5880;x
ganaraska;central_lake_ontario;4137;5887;x
th_elixir_workshop;th_dragon_pearl_reef_sea_south;15437;5883;x
th_lunarian_border;th_tsukuyomi_dream_throne_sea;15667;5891;x
chebogue;brown_bank;4683;5873;x
massa;riviera_levante;8154;5886;x
pesaro;romagna_coast;8287;5880;x
th_sea_of_serenity;th_tsukuyomi_dream_throne_sea;15651;5889;x
th_seventy_two_grape_land;th_toyohime_connection_channel_sea;15716;5886;x
koshkar_ata;caspian_sea28;10049;5823;x
th_palace_rain_prayer_altar;th_dragon_island_inland_sea_west;15388;5881;x
hanasaki;east_shikotan;14372;5872;x
th_fishing_spot_on_clouds;th_dragon_pearl_reef_sea_south;15450;5882;x
th_peach_garden_for_banquet;th_dragon_pearl_reef_sea_south;15475;5877;x
saginaw;saginaw_bay;3877;5869;x
sibenik;murter_strait;8403;5874;x
costa;circassian_coast;9490;5873;x
oshawa;niagara_basin;4103;5880;x
lucca;riviera_levante;8156;5881;x
sheboygan;middle_lake_michigan;3701;5872;x
th_first_celestial;th_dragon_scale_strait_sea;15248;5878;x
th_jade_avenue;th_dragon_island_inland_sea_west;15408;5867;x
th_junkos_base;th_silver_sand_cove_sea;15732;5872;x
quuiich;coos_bay;2035;5857;x
menesetung;blue_point;3971;5861;x
th_pure_clean_cloud;th_coiled_dragon_main_reef_sea;15276;5859;x
ventimiglia;riviera_ponente;8044;5876;x
casco;casco_bay;4496;5869;x
th_celestial_isles_yuqing_que;th_dragon_island_inland_sea;15307;5865;x
muskegon;middle_lake_michigan;3752;5863;x
nisiamk;bacarro_bank;4731;5872;x
pisa;riviera_levante;8158;5871;x
tkaronto;niagara_basin;4083;5868;x
vivero;rias_altas;7344;5876;x
tosse;basque_coast;7624;5869;x
ferrol;rias_altas;7322;5869;x
nice;riviera_ponente;8029;5871;x
th_imperial_palace_moonlight_library;th_eternal_sleep_sea;15578;5867;x
th_ikus_house;th_dragon_island_inland_sea_west;15367;5871;x
atsuta;ishikari_bay;14124;5858;x
kaliakra;kaliakra_point;8993;5856;x
th_heavrn_high_hall;th_dragon_scale_strait_sea;15245;5866;x
muinawamek;bacarro_bank;4714;5861;x
oswego;bay_of_quinte;4218;5861;x
th_private_peach_garden;th_heaven_sent_dragon_rain_sea;15450;5838;x
aviles;cape_penas;7408;5865;x
ancona;romagna_coast;8304;5867;x
mondonedo;cape_penas;7363;5864;x
th_sea_world_reflecting_pool;th_dragon_island_inland_sea_west;15373;5854;x
th_bofeng_tomb;th_silver_sand_cove_sea;15735;5867;x
grasse;french_riviera;8014;5861;x
castropol;cape_penas;7379;5864;x
notsuke;nemuro_bay;14304;5857;x
th_kepler_crater;th_silver_sand_cove_sea;15752;5860;x
missinihe;niagara_basin;4071;5862;x
villaviciosa;coast_asturias;7439;5863;x
livorno;corsica_channel;8168;5845;x
melgueil;mouths_rhone;7874;5860;x
th_celestial_activity_center;th_dragon_pearl_reef_sea_south;15467;5853;x
millioke;wind_point;3693;5832;x
cangas;coast_asturias;7452;5860;x
nimes;mouths_rhone;7879;5856;x
split;gulf_kastela;8437;5858;x
th_high_port;th_coiled_dragon_main_reef_sea;15257;5845;x
laredo;bay_santander;7536;5856;x
bayonne;basque_coast;7616;5854;x
montpellier;mouths_rhone;7866;5856;x
tetioneshohon;niagara_basin;4065;5852;x
llanes;coast_asturias;7469;5856;x
santander;bay_santander;7510;5856;x
frejus;french_riviera;7998;5844;x
assorodus;central_lake_ontario;4189;5845;x
kennebunk;scantum_basin;4479;5841;x
bilbao;basque_coast;7571;5854;x
th_first_peach_garden;th_dragon_island_inland_sea;15337;5856;x
th_kegare_purify_core;th_eientei_west_reflection_sea;15583;5840;x
osaakiiwaki;blue_point;3937;5842;x
arles;mouths_rhone;7899;5852;x
brac;gulf_kastela;8437;5841;x
aix_en_provence;cape_sicie;7928;5846;x
coruna;rias_altas;7308;5852;x
san_vicente_barquera;coast_asturias;7489;5853;x
makarska;korcula_strait;8467;5843;x
betanzos;rias_altas;7316;5852;x
san_sebastian;basque_coast;7601;5849;x
agde;mouths_rhone;7856;5849;x
fermo;conero_cape;8321;5839;x
karvuna;kaliakra_point;8972;5850;x
nemuro;ochiishi_cape;14318;5842;x
th_palace_of_moon;th_eientei_west_reflection_sea;15593;5851;x
thahnawate;niagara_basin;4109;5850;x
ahouenro;central_lake_ontario;4143;5851;x
furubira;kamui_cape;14078;5839;x
th_border_of_lunar_darkside;th_eientei_west_reflection_sea;15591;5846;x
valmaseda;bay_santander;7550;5851;x
pitsunda;pitsunda_cape;9521;5846;x
th_yumemi_arms_factory_hall;th_fangzhang_golden_sea_west4;15116;5843;x
th_mirror_jian_xin_yu;th_cloud_dragon_swirl;15209;5839;x
finisterre;costa_da_morte;7280;5842;x
marseille;cape_sicie;7941;5838;x
tarki;caspian_sea12;9857;5825;x
yongmingcheng;peter_the_great_bay;13693;5837;x
tolosa;basque_coast;7588;5847;x
th_celestia_village;th_coiled_dragon_main_reef_sea;15297;5838;x
th_arstarchus_crater;th_crescent_moon_bay_sea;15768;5827;x
varna;gulf_varna;8963;5824;x
shili;peter_the_great_bay;13722;5820;x
bkwejanong;blue_point;3955;5836;x
macassa;niagara_basin;4063;5843;x
irondequoit;central_lake_ontario;4167;5845;x
ishikari;ishikari_bay;14124;5843;x
niagara;niagara_basin;4080;5840;x
beziers;coast_languedoc;7842;5842;x
yoichi;ishikari_bay;14111;5840;x
narbonne;coast_languedoc;7833;5830;x
th_flood_dragon_port;th_dragon_island_inland_sea;15353;5839;x
th_nawi_shrine;th_heaven_sent_dragon_rain_sea_west;15406;5815;x
anacopia;pitsunda_cape;9530;5836;x
th_blue_warp_gate;th_eientei_west_reflection_sea;15595;5835;x
metkovic;korcula_strait;8482;5830;x
th_dreamworld_weavers_island;th_eientei_west_reflection_sea;15594;5830;x
owashtanong;wind_point;3765;5825;x
th_law_breaching_forge;th_cloud_dragon_swirl;15157;5822;x
akkeshi;shirepa_cape;14286;5829;x
toulon;cape_sicie;7968;5830;x
th_genome_of_magic_sequencing_hall;th_temporal_axis_turbulence_sea;15089;5832;x
th_hinanawi_mansion;th_heaven_sent_dragon_rain_sea_west;15432;5814;x
tututni;nesika_beach;2028;5804;x
piombino;gulf_talamone;8179;5814;x
th_angel_dry_dock;th_makai_west_sea;14829;5816;x
th_elysion_makai;th_mirror_reflection_sea;14870;5828;x
th_coiled_dragon_mountain;th_dragon_island_inland_sea_west;15373;5831;x
squamscott;scantum_basin;4470;5824;x
slano;korcula_strait;8477;5822;x
sukhumi;sokhumi_bay;9557;5824;x
tulazi;sosura_cape;13647;5798;x
th_dreamworld_weavers_plain;th_eientei_west_reflection_sea;15596;5818;x
bastia;corsica_channel;8124;5811;x
iwanai;kamui_cape;14084;5825;x
kushiro;shirepa_cape;14270;5822;x
shiranuka;shirepa_cape;14248;5822;x
th_yumemi_molecular_biolab;th_temporal_axis_turbulence_sea;15063;5812;x
th_celestial_realm_tong_ming_ge;th_coiled_dragon_main_reef_sea;15291;5816;x
ascolipiceno;conero_cape;8326;5822;x
th_horn_fragon_village;th_heaven_sent_dragon_rain_sea_west;15389;5802;x
isoya;motta_cape;14079;5821;x
th_crescent_bay;th_crescent_moon_bay_sea;15763;5810;x
noya;rias_baixas;7278;5806;x
th_morbid_clock_tower;th_eientei_west_reflection_sea;15622;5816;x
atri;abruzzo_coast;8331;5806;x
th_lunar_rabbit_rebel_alliance_castle;th_crescent_moon_bay_sea;15749;5813;x
tiotoren;eastern_erie_basin;4095;5809;x
suttsu;motta_cape;14076;5816;x
th_golden_apple_orchard;th_mirror_reflection_sea;14896;5799;x
kenhionatatie;eastern_erie_basin;4050;5812;x
naumkeag;massachusetts_bay;4470;5798;x
perpignan;coast_languedoc;7831;5803;x
tokachi;tokachi_coast;14235;5810;x
kenosha;wind_point;3697;5807;x
temir_baba;caspian_sea28;10077;5768;x
th_yutu_rover_dormancy;th_eientei_west_reflection_sea;15629;5815;x
bedia;sokhumi_bay;9572;5811;x
th_second_kai_an_channel;th_scarlet_cloud_omen_sea;15563;5798;x
shimamaki;motta_cape;14062;5809;x
th_grave_for_amanosagume;th_crescent_moon_bay_sea;15738;5811;x
th_passage_floating_life_ferry;th_lunar_star_dweller_sea;15544;5810;x
th_plains_flowing_glow_river;th_eientei_west_reflection_sea;15625;5812;x
th_full_moon_top;th_crescent_moon_bay_sea;15739;5801;x
kalamazoo;wind_point;3765;5804;x
dubrovnik;bay_kotor;8524;5795;x
th_apollo_13_wreckage;th_eientei_west_reflection_sea;15611;5807;x
grosseto;gulf_talamone;8188;5789;x
anhialo;gulf_varna;8954;5803;x
boynak;caspian_sea12;9873;5798;x
th_floating_isles_zhe_xian_ju;th_coiled_dragon_main_reef_sea;15274;5804;x
th_grave_for_tamayorihime;th_crescent_moon_bay_sea;15739;5803;x
calvi;gulf_florent;8097;5805;x
th_armor_plating_press;th_cloud_dragon_swirl;15163;5804;x
th_heart_of_keystone;th_coiled_dragon_main_reef_sea;15297;5801;x
th_an_illusory_sea_junction;th_heaven_sent_dragon_rain_sea;15524;5807;x
waawiiyaataanong;lake_st_clair;3921;5796;x
kanagio;central_erie_basin;3996;5804;x
minaminakagawa;tokachi_coast;14228;5803;x
th_dreamwarden_outpost;th_scarlet_cloud_omen_sea;15513;5784;x
anaklia;sokhumi_bay;9581;5792;x
yuufutsu;uchiura_bay;14136;5801;x
pontevedra;rias_baixas;7287;5788;x
pitigliano;gulf_talamone;8199;5792;x
setana;motta_cape;14055;5796;x
toubui;tokachi_coast;14223;5796;x
yamakoshi;uchiura_bay;14079;5788;x
abuta;uchiura_bay;14094;5799;x
csantangelo;abruzzo_coast;8337;5797;x
shiraoi;uchiura_bay;14114;5788;x
kanentaweron;eastern_erie_basin;4074;5790;x
burgas;gulf_varna;8944;5796;x
th_coiled_dragon_peak_pool;th_heaven_dragon_island_sea;15364;5796;x
th_jade_dragon_mountain;th_heaven_dragon_island_sea;15352;5796;x
th_clown_port;th_crescent_moon_bay_sea;15734;5791;x
saru;shinodai_cape;14157;5792;x
th_himera_cultivation_vats;th_forbidden_zone_sea_west;15063;5770;x
th_center_of_heaven;th_heaven_dragon_island_sea;15324;5776;x
th_ping_heaven_door;th_heaven_dragon_island_sea;15338;5791;x
th_weaponized_theorem_case_files;th_cloud_dragon_swirl;15155;5785;x
th_first_kai_an_channel;th_scarlet_cloud_omen_sea;15502;5782;x
th_change_special_prison;th_eientei_west_reflection_sea;15600;5793;x
th_lunar_rabbit_barrack;th_eientei_west_reflection_sea;15614;5790;x
checagou;south_lake_michigan;3700;5770;x
chieti;abruzzo_coast;8342;5792;x
th_elysian_cargo_market;th_makai_west_sea;14834;5781;x
ganatchio;pelee_island;3931;5764;x
sozopol;stomoplo_bay;8960;5775;x
th_bay_tide_song_lighthouse;th_sage_sea_west_margin_sea;15772;5785;x
niikappu;shinodai_cape;14165;5788;x
th_an_passage_awakening_crevice;th_scarlet_cloud_omen_sea;15542;5775;x
shawmut;massachusetts_bay;4460;5784;x
kotor;bay_kotor;8543;5782;x
futoro;obana_cape;14043;5774;x
hiroo;tokachi_coast;14216;5783;x
sakiwasipi;south_lake_michigan;3755;5772;x
castellon_ampurias;gulf_of_roses;7837;5777;x
lanciano;abruzzo_coast;8349;5785;x
vico;corsica_west_coast;8083;5780;x
corneto;coast_lazio;8223;5778;x
th_princess_prison;th_eientei_west_reflection_sea;15613;5787;x
shizunai;shinodai_cape;14176;5779;x
onseong;sosura_cape;13628;5780;x
th_clown_village;th_crescent_moon_bay_sea;15735;5783;x
th_flower_land;th_heaven_sent_dragon_rain_sea_west;15407;5783;x
th_waning_moon_peninsula;th_crescent_moon_bay_sea;15736;5783;x
erie;eastern_erie_basin;4049;5775;x
patuxet;cape_cod_bay;4477;5761;x
tuy;mouth_douro;7285;5763;x
th_lunar_eclipse_port;th_sage_sea_west_margin_sea;15766;5776;x
aleria;corsica_east_coast;8127;5769;x
vasto;abruzzo_coast;8360;5776;x
poti_caucasus;batumi_bay;9588;5770;x
chidkhu;shleter_cove;2037;5756;x
derbent;caspian_sea11;9893;5764;x
urakawa;shinodai_cape;14188;5773;x
th_sariel_judgment_room;th_mirror_reflection_sea;14891;5774;x
th_vulcano_cloud;th_heaven_dragon_island_sea;15385;5772;x
kayabe;uchiura_bay;14102;5767;x
th_yumemi_magical_arsenal;th_cloud_dragon_swirl;15148;5773;x
bar_cg;bay_kotor;8560;5767;x
civitavecchia;coast_lazio;8233;5764;x
sansevero;tremiti_islands;8390;5760;x
heoryeong;orang_point;13615;5767;x
samani;erimo_cape;14206;5763;x
girona;gulf_of_roses;7838;5762;x
nishi;obana_cape;14065;5767;x
th_sariel_judgment_masion;th_mirror_reflection_sea;14900;5770;x
th_spell_card_analysis_and_replication_lab;th_mountain_summit_sea;15158;5747;x
nauset;cape_cod_bay;4501;5756;x
sinop;central_pontic_coast;9273;5762;x
th_protein_synthesis_of_spell_casting;th_forbidden_zone_sea_west;15077;5769;x
th_jade_village_qingxiao;th_coiled_dragon_main_reef_sea;15289;5770;x
ajaccio;gulf_asinara;8088;5751;x
larino;tremiti_islands;8377;5762;x
buryeong;orang_point;13605;5756;x
ahtopol;stomoplo_bay;8970;5758;x
th_main_engineering_bay;th_forbidden_zone_sea_west;15073;5760;x
th_nutmeg_land;th_rolling_cloud_maelstrom_sea;15425;5752;x
kure_i_mamure;cape_kerempe;9209;5766;x
th_parrot_cloud;th_heaven_dragon_island_sea;15379;5760;x
th_kegare_execution_chamber;th_ice_milk_sea;15608;5760;x
th_port_of_the_slain;th_dream_mirror_whirlpool_sea;15757;5755;x
giwitatigweiasibi;pelee_island;3900;5756;x
ozurgeti;batumi_bay;9591;5760;x
th_inverted_cross_corridor;th_frozen_demon_sea;14840;5756;x
inebolu;cape_kerempe;9231;5763;x
th_hakurei_trial_slope;th_fangzhang_golden_sea_west2;15016;5755;x
th_kenten_kyouko;th_cloud_whale_migration_sea;15232;5755;x
th_jade_city;th_coiled_dragon_main_reef_sea;15270;5761;x
ashtabula;central_erie_basin;4002;5754;x
rotondo;tremiti_islands;8411;5760;x
manfredonia;gulf_manfredonia;8421;5741;x
hiyama_hokkaido;obana_cape;14065;5750;x
th_fallen_temple_vestibule_before;th_magic_waste_world_sea;14920;5750;x
th_inception_mirror_layer;th_forbidden_zone_sea_west;15039;5742;x
th_rain_storm_command;th_cloud_whale_migration_sea;15253;5758;x
th_watari_kairou;th_heaven_dragon_island_sea;15315;5749;x
amasra;west_pontic_coast;9177;5754;x
bracciano;coast_lazio;8246;5753;x
th_prison_repentance_well;th_ice_milk_sea;15625;5753;x
kankakee;south_lake_michigan;3729;5744;x
viana_do_castelo;mouth_douro;7286;5749;x
kameda;tsugaru_strait;14100;5747;x
sartene;gulf_olbia;8121;5747;x
shkoder;drin_bay;8579;5752;x
gerze;cape_sinop;9306;5743;x
batumi;batumi_bay;9589;5745;x
th_unlimited_void;th_heaven_dragon_island_sea;15371;5749;x
niyazabad;caspian_sea11;9911;5746;x
th_insurgent_lunar_rabbits_concentration_camp;th_ice_milk_sea;15634;5750;x
sant_feliu;costa_brava;7820;5743;x
kamiiso;tsugaru_strait;14089;5745;x
lezha;drin_bay;8582;5748;x
th_plain_in_sunshine;th_cloud_whale_migration_sea;15243;5747;x
th_yumemi_okazaki_probability_ship;th_forbidden_zone_sea_west;15086;5739;x
kiyikoy;stomoplo_bay;8971;5744;x
th_civilization_of_magic_library;th_frozen_demon_sea;14849;5738;x
th_sea_of_clouds;th_ice_milk_sea;15647;5743;x
rome;coast_lazio;8255;5742;x
bartin;west_pontic_coast;9158;5744;x
bafra;balik_gulf;9337;5737;x
maumee;pelee_island;3912;5737;x
th_olympos_basin;th_dream_mirror_whirlpool_sea;15746;5744;x
assonet;narragansett_bay;4463;5736;x
gyeongseong;orang_point;13594;5732;x
th_hakurei_back_mountain;th_fangzhang_golden_sea_west2;14993;5744;x
seekonk;narragansett_bay;4444;5731;x
th_lunar_yousei_port;th_purification_strait_sea;15706;5741;x
barcelos;mouth_douro;7289;5733;x
kruje;drin_bay;8579;5738;x
th_clownpiece_cabin;th_purification_strait_sea;15685;5740;x
th_sage_deadbody_locker;th_purification_strait_sea;15728;5737;x
th_sea_of_moisture;th_purification_strait_sea;15668;5740;x
fukushima;tsugaru_strait;14079;5731;x
cuyahoga;pelee_island;3963;5733;x
bonifacio;strait_bonifacio;8114;5729;x
th_unhouten;th_earthquake_omen_sea;15359;5720;x
khupati;batumi_bay;9578;5729;x
th_old_tree_hakurei_shinbaku;th_magic_waste_world_sea;14973;5739;x
th_rainbow_factory;th_cloud_whale_migration_sea;15231;5719;x
eregli;cape_baba;9131;5726;x
th_wonderland_port_forgotten;th_magic_waste_world_sea;14949;5726;x
th_infinite_consciousness_sphere;th_rainbow_cloud_current_sea;15407;5723;x
th_mori_island;th_purification_strait_sea;15678;5726;x
th_lunar_isle_inverted_waterfall;th_purification_strait_sea;15696;5725;x
th_tanguy_island;th_purification_strait_sea;15711;5728;x
th_isle_non_euclidean_garden;th_purification_strait_sea;15732;5732;x
oohl;humboldty_bay;2041;5712;x
pawcatuck;narragansett_bay;4432;5722;x
barcelona;costa_daurada;7790;5721;x
shimokita;tsugaru_strait;14107;5711;x
th_internal_transit_tunnels;th_mountain_summit_sea;15136;5724;x
th_diamond_quarry;th_auspicious_cloud_sea;15305;5728;x
velletri;gulf_terracina;8268;5728;x
th_elis_star_rod_tower;th_magic_waste_world_sea;14929;5727;x
th_docking_port_for_the_impossible;th_forbidden_zone_sea;15107;5725;x
th_hakurei_lake_upper_valley;th_magic_waste_world_sea;14961;5732;x
nantucket;nantucket_shoals;4490;5720;x
sandusky;pelee_island;3929;5729;x
catalca;bosphorus;8990;5727;x
durres;drin_bay;8577;5718;x
th_pixel_ruin_plain;th_hourai_seal_sea;14868;5723;x
terracina;gulf_terracina;8283;5718;x
samsun;balik_gulf;9347;5720;x
th_fairy_el_dorado_island;th_frozen_demon_sea;14787;5717;x
terme;balik_gulf;9370;5723;x
shabran;caspian_sea10;9929;5717;x
th_dream_diary_corridor;th_forbidden_zone_sea_west;15048;5719;x
th_jade_village;th_auspicious_cloud_sea;15287;5723;x
th_nothing_realm;th_rainbow_cloud_current_sea;15388;5719;x
barletta;gulf_manfredonia;8440;5719;x
siccanemos;long_island_sound;4414;5720;x
porto;cape_mondego;7295;5708;x
rize;cape_fener;9539;5705;x
constantinople;gulf_izmit;9007;5698;x
th_lightning_storm_port;th_auspicious_cloud_sea;15266;5714;x
nehantuck;long_island_sound;4398;5718;x
th_ruins_of_vina;th_magic_waste_world_sea;14937;5716;x
th_makai_bat_roost;th_hourai_seal_sea;14886;5712;x
quinnipiac;long_island_sound;4378;5716;x
terranova_pausania;gulf_olbia;8128;5703;x
gaeta;gulf_napoli;8318;5713;x
sitges;costa_daurada;7768;5712;x
inaka;tsugaru_strait;14094;5703;x
uskudar;gulf_izmit;9016;5696;x
rippowam;long_island_sound;4359;5709;x
atpazari;cape_pazarbasi;9074;5713;x
th_illusionary_ruins_outdoor;th_forbidden_zone_sea;15060;5692;x
akcasehir;cape_baba;9109;5708;x
bari;gulf_manfredonia;8458;5711;x
myeongcheon;musu_point;13598;5698;x
th_makai_rainbow_dandelion_meadow;th_frozen_demon_sea;14791;5700;x
silli;cape_pazarbasi;9052;5711;x
montauk;long_island_sound;4397;5703;x
tempiopausania;strait_bonifacio;8100;5708;x
unye;cape_yasurt;9396;5707;x
kamikita;ashige_cape;14128;5694;x
th_false_sun;th_magic_waste_world_sea;14943;5710;x
th_dali_island;th_purification_strait_sea;15710;5698;x
tarragona;costa_daurada;7747;5705;x
bayramlu;cape_yasurt;9415;5703;x
shirvan;caspian_sea9;9947;5689;x
sassari;gulf_asinara;8069;5700;x
gorele;east_pontic_coast;9473;5706;x
trebizond;cape_fener;9499;5703;x
th_silent_bell_tower;th_mountain_summit_sea;15178;5703;x
monopoli;penne_cape;8481;5697;x
kavaje;drin_bay;8575;5700;x
silivri;gulf_izmit;8980;5703;x
dalinghe;liaodong_bay;13232;5696;x
caserta;gulf_napoli;8325;5701;x
manhattan;raritan_bay;4335;5695;x
corlu;dardanelles;8955;5700;x
giresun;east_pontic_coast;9448;5699;x
th_astral_approach_konngara_dojo;th_forbidden_zone_sea;15101;5699;x
th_dream_realm_gaze_dome;th_auspicious_cloud_sea;15294;5688;x
th_dreamrealm_reima_den_main_hall;th_auspicious_cloud_sea;15313;5703;x
th_cult_library;th_earthquake_omen_sea;15331;5686;x
feira;cape_mondego;7295;5693;x
xanthia;thracian_sea;8827;5695;x
surmene;cape_fener;9519;5697;x
unquachog;long_island_coast_us;4369;5680;x
naples;gulf_napoli;8337;5686;x
komotini;thracian_sea;8848;5693;x
th_makai_city_mirage;th_hourai_seal_sea;14885;5690;x
rodoscuk;dardanelles;8937;5684;x
massapequa;raritan_bay;4333;5674;x
castelsardo;gulf_asinara;8090;5697;x
ballsh;drin_bay;8573;5691;x
kavala;strymonian_gulf;8798;5688;x
th_makai_fairy_garden;th_create_world_sea3;14747;5679;x
jaroujiji;humboldty_bay;2037;5687;x
tortosa;ebro_delta;7727;5678;x
jinzhou_liaoyang;liaodong_bay;13203;5690;x
th_masterless_buddha_altar;th_mountain_summit_sea;15151;5688;x
posada;gulf_orosei;8139;5674;x
traianopolis;gulf_saros;8874;5688;x
th_phantom_butterfly_valley;th_hourai_seal_sea;14823;5671;x
th_reversed_border;th_rainbow_cloud_current_sea;15460;5685;x
brindisi;penne_cape;8503;5683;x
thasos;strymonian_gulf;8807;5681;x
rentina;strymonian_gulf;8774;5684;x
izmit;gulf_izmit;9040;5685;x
gilju;yongdae_cape;13573;5679;x
hanawa;henashi_cape;14057;5678;x
th_inverted_murasaki_bamboo;th_forbidden_zone_sea;15053;5679;x
th_sin_flame_furnace;th_forbidden_zone_sea;15081;5684;x
th_silent_sanctuary_main;th_mountain_summit_sea;15141;5688;x
th_gengetsu_solo_stage;th_rainbow_cloud_current_sea;15421;5678;x
esgueira;cape_mondego;7290;5673;x
enez;gulf_saros;8879;5675;x
iznik;gulf_izmit;9017;5680;x
hackensack;raritan_bay;4321;5680;x
th_dimensional_seawall;th_hourai_seal_sea;14865;5667;x
alghero;bay_alghero;8067;5672;x
salerno;gulf_napoli;8360;5676;x
polygyros;singitic_gulf;8779;5650;x
bandirma;dardanelles;8951;5670;x
haizhou_liaoyang;liaodong_bay;13252;5673;x
th_child_attendant_cell;th_hakurei_border_cloud_sea;15172;5665;x
raritan;raritan_bay;4313;5675;x
gallipoli;gulf_saros;8897;5667;x
ningyuan_jinzhou;diao_longjujia_cape;13184;5668;x
avlonya;strait_otranto;8576;5662;x
thessaloniki;thermaic_gulf;8731;5666;x
kesan;gulf_saros;8900;5674;x
th_dreamland_kaian_path;th_chalk_sea_location;15524;5676;x
baku;caspian_sea9;9973;5672;x
mattole;lost_coast;2031;5659;x
nukanobu;ashige_cape;14137;5672;x
th_time_tuning_chamber;th_create_world_sea3;14753;5674;x
th_former_hell_gate;th_forbidden_zone_sea;15067;5668;x
campagna;gulf_napoli;8370;5669;x
lecce;strait_otranto;8530;5658;x
dancheon;yongdae_cape;13565;5667;x
th_doll_heart_tower;th_elemental_boiling_sea;14671;5664;x
th_wonderland_travel_agency;th_hourai_seal_sea;14831;5664;x
th_gemstone_terrace_dreamland;th_earthquake_omen_sea;15405;5666;x
th_demon_twins_cloister;th_rainbow_cloud_current_sea;15438;5670;x
peniscola;ebro_delta;7711;5662;x
th_sky_abyss_depths;th_chalk_sea_location;15478;5665;x
martinafr;gulf_taranto;8465;5667;x
taranto;gulf_taranto;8482;5659;x
hatera;thermaic_gulf;8721;5652;x
imbros;cape_lecton;8876;5634;x
th_makai_silent_chapel;th_create_world_sea3;14746;5667;x
th_murasakino_location;th_forbidden_zone_sea;15050;5662;x
th_mima_throne_room;th_earthquake_omen_sea;15343;5665;x
biga;dardanelles;8936;5663;x
kuji;kitayama_cape;14148;5652;x
piscopeek;raritan_bay;4312;5668;x
navisink;barnegat_bay;4318;5633;x
orosei;gulf_orosei;8135;5660;x
gaizhou;liaodong_bay;13249;5658;x
th_dream_teardrop_spring;th_earthquake_omen_sea;15390;5659;x
th_dream_world_inverted_spire;th_rainbow_cloud_current_sea;15451;5665;x
th_sunbathing_beach_main;th_dream_tranquil_sea;15546;5668;x
th_sunlight_harbor;th_dream_tranquil_sea;15566;5660;x
mount_athos;singitic_gulf;8793;5651;x
lapseki;dardanelles;8908;5663;x
th_witch_pact_chamber;th_nirvana_west_coast_sea;15281;5656;x
hiyama;henashi_cape;14062;5656;x
th_deep_dream_chamber;th_chalk_sea_location;15512;5663;x
th_sunbathing_beach_nectar_spring;th_dream_tranquil_sea;15588;5658;x
matera;gulf_taranto;8457;5657;x
bursa;gulf_izmit;9002;5664;x
th_dreamscape_hall;th_chalk_sea_location;15465;5662;x
figueira;cape_mondego;7286;5654;x
bosa;gulf_oristano;8076;5651;x
vallo;gulf_policastro;8384;5644;x
bukcheong;yongdae_cape;13549;5654;x
th_makai_gleam_quay;th_create_world_sea3;14716;5654;x
th_brocade_bazaar;th_create_world_sea3;14732;5659;x
th_mithril_roadstead;th_create_world_sea3;14739;5660;x
th_makai_frozen_world_west;th_hourai_seal_sea;14813;5658;x
th_dream_world_sisters_boudoir;th_chalk_sea_location;15477;5659;x
th_dream_dweller_market;th_chalk_sea_location;15504;5662;x
gonen;dardanelles;8948;5660;x
th_old_higanbana_cliff;th_forbidden_zone_sea;15055;5652;x
th_dream_world_mirror_hall;th_chalk_sea_location;15490;5659;x
th_astral_approach_main;th_hakurei_border_cloud_sea;15142;5656;x
gallipoliita;gulf_taranto;8509;5646;x
th_apprentice_home;th_earthquake_omen_sea;15344;5652;x
th_red_queen_maze;th_create_world_sea3;14702;5652;x
th_makai_forbidden_magic;th_hourai_seal_sea;14817;5653;x
th_old_shigan_port;th_forbidden_zone_sea;15043;5648;x
kassandreia;gulf_kassandreia;8764;5640;x
maraza;caspian_sea7;9949;5651;x
qiantun;qinhuangdao_bay;13154;5642;x
th_silent_sanctuary_vestibule;th_hakurei_border_cloud_sea;15137;5650;x
ares_del_maestre;ebro_delta;7701;5648;x
tortoli;gulf_orosei;8136;5643;x
santarcangelo;gulf_taranto;8453;5648;x
canakkale;dardanelles;8890;5643;x
th_border_harmony_chamber;th_nirvana_west_coast_sea;15277;5641;x
th_makai_harbor;th_hourai_seal_sea;14847;5648;x
th_phantom_morning_mist_plain;th_earthquake_omen_sea;15374;5649;x
th_sunbathing_beach_parasol;th_sea_of_dreams_and_moon_sea;15610;5640;x
th_nameless_lake_shore;th_earthquake_omen_sea;15350;5644;x
qobustan;caspian_sea7;9943;5636;x
th_old_hig_port;th_hakurei_border_cloud_sea;15143;5644;x
th_otherworld_souvenir_market;th_hourai_seal_sea;14856;5647;x
th_time_rot_rain_shrine;th_hakurei_border_cloud_sea;15213;5638;x
cassano;gulf_taranto;8448;5633;x
fuzhou_liaoyang;taiping_bay;13222;5629;x
th_alice_old_room;th_elemental_boiling_sea2;14652;5642;x
ciudadela_de_menorca;favaritx_cape;7878;5629;x
oristano;gulf_oristano;8078;5631;x
akita;nyuudou_cape;14058;5630;x
th_nameless_jizo_shrine;th_hakurei_border_cloud_sea;15186;5634;x
castellon_de_la_plana;ebro_delta;7693;5636;x
salacon;gulf_policastro;8400;5641;x
lagonegro;gulf_policastro;8406;5637;x
hamheung;yanghung_bay;13510;5630;x
kitahei;kitayama_cape;14153;5634;x
th_doll_tea_party_garden;th_elemental_boiling_sea2;14632;5633;x
th_spell_weaving_atelier;th_nirvana_west_coast_sea;15265;5634;x
argyrokastro;coast_corfu;8598;5634;x
lemnos;cape_lecton;8843;5624;x
th_lotus_shadow_beach;th_earthquake_omen_sea;15363;5639;x
th_impure_flame_shrine;th_hakurei_border_cloud_sea;15155;5639;x
th_flame_festering_lake;th_hakurei_border_cloud_sea;15166;5639;x
funing;qinhuangdao_bay;13133;5629;x
sinkyone;mendocino_cape;2052;5629;x
pollensa;bay_palma;7803;5618;x
stomio;gulf_kassandreia;8735;5617;x
leiria;berlengas_islands;7280;5628;x
scalea;gulf_policastro;8410;5621;x
manacor;mallorca_coast;7842;5604;x
uiju;sohan_bay;13363;5612;x
th_dream_realm_gate;th_nirvana_west_coast_sea;15235;5629;x
th_sunset_plain_watchtower;th_sea_of_dreams_and_moon_sea;15625;5625;x
corfu;coast_corfu;8596;5618;x
ayvacik;cape_lecton;8881;5618;x
dandong;yalu_river_mouth;13330;5626;x
butrint;coast_corfu;8605;5617;x
th_star_moon_prophecy_tower;th_nirvana_west_coast_sea;15247;5626;x
shackamaxon;delaware_bay;4259;5626;x
tetamekanch;delaware_bay;4254;5620;x
valencia;gulf_of_valencia;7680;5612;x
minguannan;delaware_bay;4252;5610;x
zhuanghe;waichangshan_islands;13283;5612;x
terralba;gulf_oristano;8075;5615;x
santa_cruz_flores;flores_island;6273;5610;x
north_jeongju;yanghung_bay;13497;5617;x
th_spellbook_bazaar;th_nirvana_west_coast_sea;15221;5624;x
tlokyhan;mendocino_cape;2057;5616;x
rossano;gulf_taranto;8456;5615;x
mahmudabad;caspian_sea7;9937;5610;x
alcobaca;berlengas_islands;7272;5607;x
muravera;ferrato_cape;8131;5602;x
changli;qinhuangdao_bay;13123;5616;x
seonju;sohan_bay;13379;5612;x
toshima;nyuudou_cape;14064;5616;x
shimohei;ookama_cape;14157;5608;x
th_stagnant_melody_bay;th_lightdark_divide_sea;14607;5603;x
th_makai_wonderland;th_lightdark_divide_sea;14619;5611;x
th_sunset_port;th_sleep_under_moon_sea;15646;5604;x
edremit;edremit_gulf;8910;5602;x
jeongju_jeongju;sohan_bay;13393;5607;x
yuri;serida_cape;14057;5591;x
wicontiss;upper_chesapeake_bay;4228;5606;x
cohansey;delaware_bay;4261;5596;x
amintonck;cape_may;4305;5605;x
palma;mallorca_coast;7826;5588;x
hwaju;yanghung_bay;13499;5601;x
paola;gulf_policastro;8421;5595;x
demetrias;euboic_sea;8740;5586;x
kulanapan;mendocino_cape;2055;5600;x
parga;ambracian_gulf;8616;5594;x
sukju;sohan_bay;13396;5603;x
cotrone;gulf_squillace;8472;5582;x
matapeake;upper_chesapeake_bay;4222;5582;x
villa_di_chiesa;teulada_cape;8073;5597;x
jinzhou_dalian;pulandian_bay;13217;5579;x
kechemeche;cape_may;4296;5591;x
sporades;gulf_kymi;8778;5583;x
th_fallen_angel_shackle_platform;th_moriya_front_sea;14607;5569;x
laoting;daqing_estuary;13109;5588;x
molyvos;edremit_gulf;8887;5601;x
kamihei;ookama_cape;14153;5593;x
patapsco;upper_chesapeake_bay;4212;5592;x
salyan;caspian_sea6;9930;5585;x
goju;yanghung_bay;13493;5596;x
tappahanna;delaware_bay;4260;5584;x
gandia;gulf_of_valencia;7683;5581;x
th_sunset_harbor_observatory;th_sleep_under_moon_sea;15664;5587;x
munju;yanghung_bay;13490;5591;x
torres_vedras;bay_setubal;7258;5564;x
jeungsan;sohan_bay;13394;5587;x
th_flower_field_fairy_stands;th_sleep_under_moon_sea;15678;5577;x
tratalias;teulada_cape;8072;5583;x
mitilene;edremit_gulf;8901;5585;x
nentego;upper_chesapeake_bay;4211;5574;x
cagliari;gulf_cagliari;8113;5588;x
preveza;ambracian_gulf;8633;5579;x
lutai;northern_bohai_bay;13058;5587;x
shicheng_jizhou;northern_bohai_bay;13067;5587;x
baciravan;caspian_sea6;9921;5581;x
macheng_luanzhou;daqing_estuary;13085;5584;x
kesen;oosu_cape;14144;5576;x
bergama;edremit_gulf;8912;5580;x
deungju;yanghung_bay;13499;5587;x
kashaya;marin_coast;2078;5549;x
dagu;northern_bohai_bay;13050;5573;x
tongcheon;changdae_cape;13518;5569;x
ibiza;eivissa_coast;7757;5561;x
angra;sao_jorge_island;6425;5552;x
yuza;serida_cape;14055;5578;x
oreos;euboic_sea;8739;5572;x
nicastro;eolie_islands;8429;5566;x
arta;ambracian_gulf;8651;5576;x
zetounion;euboic_sea;8730;5568;x
samhwa;taedong_river_mouth;13386;5566;x
kleisoura;gulf_kymi;8764;5565;x
vonitsa;ambracian_gulf;8642;5573;x
lankaran;caspian_sea6;9916;5564;x
motoyoshi;oosu_cape;14136;5564;x
tagawa;serida_cape;14047;5560;x
catanzaro;gulf_squillace;8451;5565;x
th_rainbow_silence_shoal;th_moriya_front_sea;14619;5554;x
assawoman;delaware_bay;4274;5560;x
denia;costa_blanca;7689;5548;x
foca;gulf_smyrna;8914;5562;x
lisbon;bay_setubal;7278;5560;x
leukas;ambracian_gulf;8628;5562;x
bodonitsa;euboic_sea;8728;5565;x
setubal;bay_setubal;7272;5546;x
patuxent;upper_chesapeake_bay;4214;5535;x
atalanti;euboic_sea;8750;5556;x
goseong;changdae_cape;13536;5551;x
monteleone;eolie_islands;8417;5558;x
th_sariel_judgment_old_masion;th_moriya_front_sea;14628;5557;x
chicamacomico;upper_chesapeake_bay;4220;5546;x
eretreia;gulf_kymi;8779;5558;x
jinghai;northern_bohai_bay;13042;5556;x
kymi;cape_caphereus;8795;5540;x
cesme;gulf_smyrna;8892;5546;x
pungcheon;taedong_river_mouth;13379;5548;x
horta;terceira_island;6396;5550;x
oshika;sendai_bay;14126;5536;x
angelokastron;gulf_patras;8652;5538;x
th_abyss_gaze_gate;th_moriya_front_sea;14632;5542;x
chios;gulf_smyrna;8884;5545;x
astara;caspian_sea5;9918;5532;x
liguo;northern_bohai_bay;13046;5545;x
menemen;gulf_smyrna;8916;5543;x
patawomeck;upper_chesapeake_bay;4182;5539;x
potapoco;upper_chesapeake_bay;4182;5539;x
urla;gulf_smyrna;8911;5543;x
negroponte;euboic_sea;8764;5547;x
iwafune;east_sado;14036;5535;x
cephalonia;gulf_patras;8634;5532;x
palmi;strait_messina;8413;5540;x
alicante;costa_blanca;7674;5538;x
alcacer_do_sal;bay_setubal;7288;5539;x
gerace;spartivento_cape;8435;5531;x
smyrna;gulf_smyrna;8921;5541;x
th_flower_field_backstage;th_lost_light_strait_sea;15673;5532;x
wicomico;chincoteague_bay;4268;5528;x
salona;gulf_corinth;8707;5535;x
nafpaktos;gulf_corinth;8689;5536;x
livadeia;gulf_corinth;8727;5530;x
mewuk;san_francisco_bay;2110;5507;x
thebes;petalion_gulf;8774;5537;x
miyagi;sendai_bay;14113;5532;x
patras;gulf_patras;8679;5529;x
kamo;east_sado;13995;5525;x
vostitsa;gulf_corinth;8699;5531;x
jangyeon;changsan_cape;13375;5520;x
th_cucumenber_port;th_moriya_front_sea;14651;5520;x
sines;bay_setubal;7289;5523;x
messina;strait_messina;8398;5519;x
reggiocal;strait_messina;8403;5523;x
athens;saronic_gulf;8775;5501;x
elche;costa_blanca;7669;5527;x
karystos;cape_caphereus;8805;5525;x
palermo;gulf_termini;8302;5524;x
wicocomico;upper_chesapeake_bay;4206;5522;x
chalandritsa;gulf_patras;8670;5527;x
yanshan;southern_bohai_bay;13054;5527;x
natori;sendai_bay;14108;5523;x
th_primordial_flower_sea;th_lost_light_strait_sea;15652;5525;x
patti;eolie_islands;8369;5526;x
trapani;egadi_islands;8253;5512;x
xylokastro;gulf_corinth;8714;5524;x
wudi;southern_bohai_bay;13059;5518;x
ingnyeong;hajodae_cape;13551;5517;x
sawata;west_sado;13984;5510;x
orihuela;costa_blanca;7663;5515;x
suisin;san_francisco_bay;2124;5521;x
andravida;gulf_patras;8658;5514;x
megara;saronic_gulf;8757;5506;x
nutari;east_sado;14031;5519;x
dulab;caspian_sea5;9921;5507;x
th_stardust_flower_cape;th_lost_light_strait_sea;15628;5515;x
th_flower_tide_wharf;th_lost_light_strait_sea;15640;5519;x
mistretta;gulf_termini;8347;5517;x
corinth;gulf_corinth;8729;5515;x
chochenyo;san_francisco_bay;2126;5499;x
termini;gulf_termini;8315;5516;x
cefalu;gulf_termini;8329;5518;x
ongjin;changsan_cape;13383;5507;x
salemi;gulf_castellammare;8281;5518;x
ayasuluk;gulf_kusadasi;8928;5512;x
uda_mutsu;sendai_bay;14108;5507;x
haeju;kanghwa_bay;13418;5509;x
andros;west_cyclades;8820;5503;x
accomac;chincoteague_bay;4249;5490;x
nishikanbara;east_sado;14015;5509;x
zakynthos;kyparissia_gulf;8642;5496;x
ponta_delgada;sao_miguel_island1;6529;5505;x
myeongju;hajodae_cape;13560;5502;x
rappahannock;lower_chesapeake_bay;4198;5505;x
zhanhua;southern_bohai_bay;13072;5507;x
th_water_supply_system;th_genbu_sawa_sea;14664;5500;x
th_marked_entrance_2;th_lost_light_strait_sea;15615;5502;x
mazara;granitola_cape;8267;5488;x
baekcheon;kanghwa_bay;13435;5502;x
damala;saronic_gulf;8753;5493;x
kaesong;kanghwa_bay;13443;5505;x
murcia;costa_blanca;7656;5501;x
penglai;bohai_strait;13191;5504;x
awaswas;san_francisco_bay;2123;5491;x
samos;gulf_kusadasi;8912;5504;x
inju;kanghwa_bay;13443;5494;x
catania;gulf_catania;8384;5489;x
balat;icarian_sea;8926;5490;x
lijin;laizhou_bay;13088;5492;x
th_skeleton_plateau;th_ka_mei_shallow_sea;14480;5502;x
etrek;caspian_sea1;10144;5485;x
huangxian;bohai_strait;13168;5496;x
th_kappa_port;th_genbu_sawa_sea;14678;5483;x
werowocomoco;lower_chesapeake_bay;4214;5475;x
th_lunar_port;th_hourai_shoal_sea;15626;5482;x
odemira;cape_sines;7289;5488;x
cartagena;gulf_mazarron;7647;5487;x
pontikokastro;kyparissia_gulf;8663;5492;x
namekata;shioya_cape;14112;5491;x
kythnos;west_cyclades;8807;5479;x
mykonos;east_cyclades;8842;5482;x
ikaria;icarian_sea;8892;5489;x
th_lost_souls_shelter;th_ka_mei_shallow_sea;14462;5489;x
bandar_e_anzali;caspian_sea5;9934;5488;x
koshi;west_sado;14003;5489;x
fushan_muping;bohai_strait;13209;5490;x
th_tagnation_port;th_moriya_front_sea_input;14508;5491;x
andritsaina;kyparissia_gulf;8673;5485;x
nafplio;argolic_gulf;8734;5484;x
mula;gulf_mazarron;7631;5486;x
sciacca;granitola_cape;8288;5482;x
argos;argolic_gulf;8728;5486;x
sejnane;annaba_bay;8109;5467;x
weihai;jingzitou_peninsula;13252;5484;x
zhaoyuan;bohai_strait;13162;5485;x
suzu;toyama_bay;13940;5475;x
milas;icarian_sea;8936;5474;x
kariwa;west_sado;13997;5480;x
shineha;shioya_cape;14112;5481;x
lorca;gulf_mazarron;7622;5478;x
astros;argolic_gulf;8733;5470;x
th_shaping_bureau;th_moriya_front_sea_input;14521;5484;x
th_sunflower_outpost;th_hourai_shoal_sea;15629;5476;x
kos;icarian_sea;8916;5462;x
rasht;caspian_sea4;9960;5482;x
lean;laizhou_bay;13095;5477;x
yexian_laizhou;laizhou_bay;13146;5468;x
muping;jingzitou_peninsula;13231;5482;x
samcheok;samcheok_coast;13577;5473;x
th_human_doll_citizen_apartments;th_moriya_front_sea_input;14532;5479;x
kiskiack;lower_chesapeake_bay;4210;5468;x
lahijan;caspian_sea4;9974;5479;x
fugeshi;noto_coast;13916;5477;x
lagos;cape_sao_vicente;7290;5456;x
ermioni;argolic_gulf;8751;5473;x
mubarakabad;caspian_sea1;10148;5464;x
chengshan;chengshan_cape;13273;5466;x
th_beast_downtown;th_moriya_front_sea_input;14548;5471;x
th_kappa_beach;th_fuujin_sea;14701;5461;x
girgenti;gulf_gela;8315;5463;x
kyparissia;kyparissia_gulf;8674;5467;x
bizerte;cape_ben_sakka;8143;5470;x
syracuse;gulf_catania;8385;5466;x
naraha;shioya_cape;14111;5468;x
mojacar;gulf_of_almeria;7608;5456;x
higashikubiki;toyama_bay;13983;5466;x
langarud;caspian_sea4;9982;5464;x
shouguang;laizhou_bay;13110;5467;x
suwon;kyonggi_bay;13452;5465;x
th_primate_lower_city;th_moriya_front_sea_input;14560;5466;x
th_marigold_confluence;th_western_pure_land_sea;14443;5457;x
th_lunar_rabbit_collective_canteen;th_hourai_shoal_sea;15637;5456;x
weyanock;lower_chesapeake_bay;4196;5466;x
naxos;east_cyclades;8846;5453;x
bodrum;ceramic_gulf;8947;5451;x
noto_jap;noto_coast;13912;5458;x
ayamonte;cape_st_mary;7359;5464;x
huelva;bay_of_cadiz;7377;5462;x
tavira;cape_st_mary;7346;5460;x
th_under_water_port;th_fuujin_sea;14726;5456;x
tebourba;gulf_tunis;8156;5457;x
kelibia;cape_bon;8199;5447;x
beihai;laizhou_bay;13118;5462;x
changyi;laizhou_bay;13127;5461;x
uljin;samcheok_coast;13583;5456;x
nishikubiki;toyama_bay;13965;5458;x
iwaki;shioya_cape;14109;5454;x
nansemond;lower_chesapeake_bay;4210;5452;x
silves;cape_st_mary;7314;5456;x
coria_del_rio;bay_of_cadiz;7410;5450;x
sevilla;bay_of_cadiz;7415;5458;x
collo;gulf_stora;7991;5455;x
tekouch;gulf_stora;8026;5459;x
terranovasic;gulf_gela;8338;5457;x
faro;cape_st_mary;7329;5451;x
niebla;bay_of_cadiz;7394;5450;x
el_milia;gulf_bejaia;7973;5449;x
sanlucar;bay_of_cadiz;7402;5443;x
tonekabon;caspian_sea3;10004;5446;x
tabarka;annaba_bay;8093;5453;x
monemvasia;lakonikos_gulf;8735;5426;x
milos;east_cyclades;8819;5447;x
amorgos;south_cyclades;8864;5418;x
gokabat;ceramic_gulf;8969;5453;x
aju;kyonggi_bay;13459;5452;x
th_tool_graveyard;th_divine_mark_reef_sea;14583;5456;x
kalamata;messinia_gulf;8695;5453;x
marmaris;ceramic_gulf;8958;5437;x
seosan;cheonsu_bay;13445;5424;x
th_kappa_capital;th_cucumber_field_bay;14770;5450;x
modica;strait_malta;8359;5436;x
modon;messinia_gulf;8684;5440;x
th_treasure_bay;th_fuujin_sea;14739;5443;x
th_smart_first_city;th_cucumber_field_bay;14786;5447;x
annaba;annaba_bay;8047;5447;x
wendeng;zhengjia_bay;13245;5449;x
niikawa;toyama_bay;13944;5448;x
th_yamato_beach;th_divine_mold_sea;14446;5434;x
skikda;gulf_stora;8007;5449;x
tunis;gulf_tunis;8163;5443;x
leuktron;messinia_gulf;8703;5445;x
mutsun;santa_cruz_cove;2145;5409;x
chesapeake;chesapeake_channel;4236;5439;x
el_kala;annaba_bay;8069;5450;x
noto;gulf_noto;8381;5439;x
imizu;toyama_bay;13929;5443;x
th_mangengasaki_port;th_eternal_night_calm_bay_north_sea;15636;5431;x
tedelles;bay_algiers;7867;5449;x
astarabad;caspian_sea1;10150;5446;x
kikuta;shioya_cape;14102;5446;x
th_clay_bay;th_divine_mark_reef_sea;14597;5444;x
almeria;gulf_of_almeria;7587;5440;x
azeffoun;bay_algiers;7886;5449;x
ashraf;caspian_sea1;10132;5447;x
th_mangroove_swamp;th_cucumber_field_bay;14783;5426;x
bejaia;gulf_bejaia;7918;5444;x
nabeul;gulf_tunis;8171;5442;x
rushan;daqiao_bay;13229;5439;x
tamentfoust;bay_algiers;7845;5441;x
jijel;gulf_bejaia;7957;5443;x
taga;kashima_coast;14098;5434;x
algiers;bay_algiers;7830;5442;x
yuksekkum;gulf_fethiye;9000;5434;x
sari;caspian_sea1;10106;5442;x
tammisha;caspian_sea1;10145;5441;x
mansouria;gulf_bejaia;7939;5434;x
mystras;lakonikos_gulf;8724;5440;x
kaga;kaga_coast;13907;5430;x
th_silent_fishing_village;th_divine_mark_reef_sea;14609;5441;x
oitylo;lakonikos_gulf;8716;5425;x
nei;toyama_bay;13937;5440;x
velez_malaga;costa_sol;7508;5436;x
almunecar;costa_sol;7532;5434;x
chalus;caspian_sea3;10026;5436;x
al_mamtir;caspian_sea2;10092;5438;x
dasong;daqiao_bay;13206;5431;x
adra;costa_sol;7557;5436;x
malaga;costa_sol;7490;5433;x
cherchell;cape_cherchell;7801;5431;x
amol;caspian_sea2;10074;5434;x
megri;gulf_fethiye;9016;5420;x
th_primate_spirit_garden;th_divine_mark_reef_sea;14624;5432;x
kojur;caspian_sea3;10046;5430;x
yeongdeok;yongil_bay;13584;5420;x
laiyang;daqiao_bay;13191;5430;x
hongju;cheonsu_bay;13446;5425;x
th_rabbit_port;th_eternal_night_calm_bay_north_sea;15649;5416;x
cadiz;trafalgar;7407;5416;x
jimo;daqiao_bay;13190;5419;x
brashk;cape_cherchell;7773;5428;x
croatan;albemarle_sound;4238;5411;x
tenes;cape_magroua;7745;5425;x
th_unfinished_colossus_island;th_keiki_bay_sea_west;14631;5415;x
kuji_kanto;kashima_coast;14094;5423;x
marbella;strait_of_gibraltar;7464;5420;x
th_dragon_crystal_main_island;th_divine_mold_sea;14436;5413;x
th_flooding_lowland;th_cucumber_field_bay;14798;5420;x
mostaganem;cape_magroua;7716;5410;x
nomi;kaga_coast;13896;5416;x
naka;kashima_coast;14093;5418;x
th_pot_of_greed;th_divine_mold_sea;14447;5416;x
rodos;ceramic_gulf;8959;5411;x
boryeong;cheonsu_bay;13448;5411;x
th_sloth_lagoon_island;th_divine_mold_sea;14408;5411;x
th_clay_island;th_keiki_bay_sea_west;14638;5409;x
hammamet;gulf_hammamet;8170;5404;x
kythira;lakonikos_gulf;8734;5410;x
th_genbu_port;th_shintoku_bay_sea_east;14788;5397;x
gibraltar;strait_of_gibraltar;7450;5406;x
oki;jizou_cape;13757;5401;x
th_idol_prayer_steps;th_keiki_bay_sea_west;14631;5410;x
ibaraki;kashima_coast;14091;5411;x
fushan_jiaozhou;jiaozhou_bay;13168;5401;x
th_desire_tidal_flat;th_divine_mold_sea;14420;5409;x
th_greed_black_market;th_divine_mold_sea;14447;5411;x
sakai_echizen;wakasa_bay;13884;5403;x
kashima;kashima_coast;14092;5400;x
tarifa;trafalgar;7424;5399;x
yeongil;yongil_bay;13584;5398;x
jiaoxi;jiaozhou_bay;13159;5402;x
hansan;cheonsu_bay;13453;5397;x
th_peninsula_spine_avenue;th_shintoku_bay_sea;14654;5392;x
roanoke;albemarle_sound;4240;5389;x
algeciras;strait_of_gibraltar;7445;5397;x
lingshanwei;jiaozhou_bay;13159;5385;x
tepotahal;monterey_coast;2175;5370;x
chowanoke;albemarle_sound;4210;5392;x
malta;george_bay;8343;5387;x
nyuu;wakasa_bay;13879;5388;x
th_youkai_rabbit_village;th_eternal_night_calm_bay_north_sea;15655;5380;x
th_haniwa_port;th_shintoku_bay_sea;14645;5388;x
th_kamikaze_island_main;th_shintoku_bay_sea_east;14771;5380;x
pocosin;albemarle_sound;4212;5392;x
gimje;cheonsu_bay;13454;5385;x
sousse;gulf_hammamet;8176;5386;x
th_dark_abyss;th_higan_shore_sea4;14422;5386;x
ceuta;strait_of_gibraltar;7448;5388;x
th_primate_deepwater_port;th_shintoku_bay_sea;14675;5377;x
th_hell_wind_warrier;th_shintoku_bay_sea;14704;5379;x
arzew;bay_oran;7676;5387;x
tamazaghrane;bay_oran;7690;5384;x
karpathos;karpathian_sea;8923;5369;x
th_last_chance;th_higan_shore_sea4;14416;5383;x
th_frog_port;th_shintoku_bay_sea_east;14785;5377;x
tangier;trafalgar;7419;5378;x
th_primate_barrier;th_shintoku_bay_sea;14657;5382;x
tetouan;strait_of_gibraltar;7450;5375;x
monastir;gulf_hammamet;8183;5380;x
gyeongju;changgi_cape;13586;5375;x
oran;bay_oran;7659;5377;x
jeongeup;cheonsu_bay;13449;5373;x
yosa;izasa_cape;13837;5376;x
tsuruga;wakasa_bay;13877;5372;x
katori;inubo_cape;14099;5373;x
th_hell_outpost;th_shintoku_bay_sea;14668;5377;x
hatteras;pamlico_sound;4231;5355;x
ksar_ibn_senane;bay_oran;7639;5369;x
th_moriya_garrison;th_shintoku_bay_sea;14683;5377;x
mahdia;gulf_hammamet;8193;5372;x
chania;chania_bay;8778;5365;x
futakata;izasa_cape;13816;5373;x
keta_tajima;izasa_cape;13827;5373;x
th_utopia_reflection;th_higan_shore_sea4;14412;5368;x
katsushika;sagami_bay;14059;5369;x
chiba;sagami_bay;14064;5369;x
th_kochiya_port;th_shintoku_bay_sea_east;14724;5365;x
ou;jizou_cape;13755;5368;x
houmi;izasa_cape;13802;5368;x
toshima_kanto;sagami_bay;14054;5369;x
musa;taitou_cape;14087;5366;x
th_moriya_divine_sake_cellar;th_shintoku_bay_sea_east;14778;5364;x
th_kaguya_hideout;th_eternal_night_calm_bay_north_sea;15644;5363;x
ulju;changgi_cape;13584;5361;x
kasa;wakasa_bay;13854;5368;x
tachibana;sagami_bay;14051;5359;x
asilah;trafalgar;7414;5359;x
onyuu;wakasa_bay;13864;5365;x
th_moriya_estuary;th_shintoku_bay_sea_east;14746;5365;x
tizgane;strait_of_gibraltar;7460;5360;x
rizhao;haizhou_bay;13130;5350;x
musong;gomso_bay;13448;5364;x
izumo;hino_cape;13731;5361;x
ichihara;taitou_cape;14083;5355;x
aimi;jizou_cape;13767;5364;x
kume_houki;jizou_cape;13784;5364;x
takakusa;jizou_cape;13792;5365;x
th_moriya_port;th_shintoku_bay_sea_east;14762;5362;x
hagios_pavlos;krios_cape;8787;5325;x
th_naihe_bridge;th_higan_shore_sea4;14410;5354;x
th_moriya_coast_ashi_wara;th_shintoku_bay_sea_east;14731;5362;x
candia;gulf_mirambelos;8840;5356;x
makuda;sagami_bay;14055;5353;x
melilla;cape_three_forks;7558;5351;x
pamlico;pamlico_sound;4205;5342;x
rethymno;messara_bay;8807;5339;x
ineseno;santa_barbara_coast;2202;5314;x
yeonggwang;gomso_bay;13442;5350;x
chebba;kaboudia_cape;8196;5340;x
arshgul;cape_three_forks;7619;5348;x
elounda;gulf_mirambelos;8864;5349;x
th_faith_clay_pool_island;th_higan_shore_sea4;14374;5347;x
dongnae;masan_bay;13569;5340;x
tazroute;coast_gharb;7410;5347;x
kamakura;sagami_bay;14044;5345;x
badis;hoceima_bay;7483;5345;x
temsamane;hoceima_bay;7526;5348;x
aikou;sagami_bay;14030;5348;x
ghassasa;hoceima_bay;7543;5346;x
siteia;coast_crete;8878;5331;x
nima;hino_cape;13718;5345;x
isumi;taitou_cape;14082;5343;x
al_mazamma;hoceima_bay;7509;5347;x
ashigara;sagami_bay;14026;5344;x
th_secret_path_of_princess;th_eternal_night_calm_bay_south_sea;15638;5342;x
muan;gomso_bay;13437;5334;x
th_idol_bay;th_higan_shore_sea4;14407;5340;x
larache;coast_gharb;7404;5327;x
th_dregs_shantytown;th_inishie_saiban_umi;14372;5322;x
ras_kebdana;cape_three_forks;7574;5338;x
uian;masan_bay;13547;5337;x
nedroma;cape_three_forks;7598;5338;x
awa;nojima_cape;14064;5331;x
fuji;suruga_bay;14003;5338;x
suntou;suruga_bay;14009;5337;x
kamo_izu;suruga_bay;14015;5309;x
ihara;suruga_bay;13997;5330;x
coree;raleigh_bay;4217;5321;x
gergeri;messara_bay;8823;5327;x
ganyu;haizhou_bay;13118;5327;x
sacheon;sacheon_bay;13527;5324;x
naka_iwami;takayama_cape;13702;5328;x
th_marked_exit_2;th_eternal_night_calm_bay_south_sea;15646;5328;x
geoje;masan_bay;13545;5327;x
tagata;suruga_bay;14006;5327;x
neuse;pamlico_sound;4193;5330;x
mie;ise_bay;13912;5329;x
nakajima;ise_bay;13916;5332;x
aichi;ise_bay;13918;5320;x
hadong;sacheon_bay;13509;5328;x
viannos;coast_crete;8849;5330;x
th_black_sand_beach;th_higan_shore_sea4;14404;5322;x
namhae;sacheon_bay;13516;5321;x
sfaqes;gulf_gabes1;8178;5309;x
suncheon;sacheon_bay;13503;5311;x
shida;suruga_bay;13989;5322;x
th_idol_frontier;th_higan_shore_sea4;14398;5319;x
suzuka;ise_bay;13908;5318;x
sidi_fredj;kaboudia_cape;8199;5318;x
jindo;yangsan_bay;13431;5304;x
th_anvil_root_bridge;th_higan_shore_sea2;14365;5273;x
boseong;cheju_strait;13479;5312;x
hoi;ise_bay;13936;5313;x
hekikai;ise_bay;13928;5317;x
qushan;haizhou_bay;13129;5312;x
heungyang;cheju_strait;13479;5302;x
mino;takayama_cape;13689;5315;x
shikama;east_seto_sea;13820;5317;x
kitou;suruga_bay;13977;5308;x
th_bamboo_forest_garrison;th_eternal_night_calm_bay_south_sea;15657;5301;x
haenam;cheju_strait;13452;5286;x
yeonggam;yangsan_bay;13446;5314;x
akou;east_seto_sea;13812;5315;x
akashi;east_seto_sea;13830;5312;x
kamiagata;masan_bay;13575;5308;x
th_huziwara_port;th_eternal_night_calm_bay_south_sea;15646;5311;x
wake;east_seto_sea;13805;5312;x
muko;east_seto_sea;13846;5311;x
kawabe;east_seto_sea;13852;5312;x
th_haniwa_factory;th_inishie_saiban_umi;14366;5306;x
abu;takayama_cape;13675;5305;x
joutou;central_seto_sea;13791;5301;x
osaka;east_seto_sea;13853;5310;x
ichishi;ise_bay;13908;5311;x
fuchi;ise_bay;13955;5311;x
corani;onslow_bay;4174;5304;x
toyoda;suruga_bay;13963;5309;x
la_mamora;mouth_sebou;7390;5295;x
jangheung;cheju_strait;13463;5293;x
awaji;east_seto_sea;13833;5295;x
taki;ise_bay;13911;5308;x
izumi;east_seto_sea;13849;5297;x
watarai;ise_bay;13915;5305;x
shima;daiou_cape;13914;5288;x
mahres;gulf_gabes1;8160;5292;x
asakuchi;central_seto_sea;13771;5297;x
banpu;jiangsu_coast;13134;5283;x
ootsu;takayama_cape;13662;5299;x
ashida;central_seto_sea;13762;5293;x
th_dead_zone;th_higan_shore_sea2;14386;5263;x
shimoagata;east_tsushima_strait;13580;5287;x
chicora;onslow_bay;4150;5282;x
miki;east_seto_sea;13805;5289;x
ventureno;los_angeles_bay;2267;5279;x
mitoyo;central_seto_sea;13775;5287;x
aya;central_seto_sea;13786;5296;x
sera;central_seto_sea;13751;5288;x
toyoura;east_tsushima_strait;13647;5281;x
saeki;west_seto_sea;13716;5286;x
aki;west_seto_sea;13726;5283;x
toyota;central_seto_sea;13746;5290;x
kaisou;east_seto_sea;13840;5283;x
ochi;central_seto_sea;13745;5281;x
sale;mouth_sebou;7382;5280;x
awa_shikoku;east_seto_sea;13816;5286;x
gabes;gulf_gabes1;8152;5269;x
kuga;west_seto_sea;13710;5278;x
kitamuro;daiou_cape;13895;5275;x
pimuu_nga;los_angeles_bay;2239;5268;x
nakata;east_seto_sea;13819;5275;x
th_barrier_of_pride;th_sunken_soul_sea;15649;5268;x
rabat;mouth_sebou;7371;5266;x
asa;shimonoseki_strait;13659;5269;x
saba;shimonoseki_strait;13682;5271;x
tsuno;shimonoseki_strait;13689;5270;x
nii;central_seto_sea;13761;5272;x
yaanga;orange_cove;2318;5253;x
andong_huaian;jiangsu_coast;13136;5271;x
iyo;west_seto_sea;13729;5267;x
naka_shikoku;east_seto_sea;13823;5265;x
yoshiki_suou;shimonoseki_strait;13671;5269;x
kumage;west_seto_sea;13711;5263;x
hidaka;east_seto_sea;13837;5266;x
nakatsu;shimonoseki_strait;13654;5262;x
onga;east_tsushima_strait;13632;5266;x
funing_huaian;jiangsu_coast;13153;5259;x
minamimuro;shio_cape;13885;5260;x
th_loyalty_maze_island;th_higan_shore_sea2;14375;5255;x
th_haniwa_subrbs;th_higan_shore_sea2;14389;5267;x
necoes;long_bay_us;4128;5265;x
ajim;gulf_gabes1;8185;5254;x
th_barrier_of_gluttony;th_sunken_soul_sea;15653;5257;x
higashimatsuura;east_tsushima_strait;13599;5255;x
th_onimi_barracks;th_higan_shore_sea2;14389;5251;x
waccamaw;long_bay_us;4106;5256;x
anfa;coast_tamasna;7347;5250;x
medenine;gulf_gabes1;8172;5252;x
kaifu;tenjin_cape;13811;5250;x
mikasa;east_tsushima_strait;13626;5252;x
nishimuro;tenjin_cape;13857;5243;x
kunisaki;shimonoseki_strait;13678;5254;x
ukena;west_seto_sea;13726;5253;x
higashimuro;shio_cape;13878;5244;x
th_barrier_of_death;th_sunken_soul_sea;15659;5244;x
hakata;east_tsushima_strait;13615;5251;x
mike;shimonoseki_strait;13660;5250;x
zarzis;coast_jeffara;8203;5232;x
kita_shikoku;west_seto_sea;13720;5250;x
th_harvest_altar;th_east_bank_of_misty_lake;15193;5249;x
th_derelict_mansion;th_east_bank_of_misty_lake;15207;5244;x
usa;shimonoseki_strait;13668;5248;x
tamna;cheju_strait;13450;5244;x
kukamonga;orange_cove;2335;5238;x
winyah;charleston_harbor;4090;5232;x
th_calamity_forest;th_norh_bank_of_misty_lake;15124;5243;x
azemmour;coast_tamasna;7322;5238;x
yancheng;changsha_island;13169;5237;x
uwa;west_seto_sea;13713;5234;x
th_inari_torii;th_norh_bank_of_misty_lake;15138;5239;x
nishimatsuura;west_tsushima_strait;13588;5238;x
kami_shikoku;muroto_cape;13776;5242;x
nagaoka;muroto_cape;13772;5241;x
aki_shikoku;muroto_cape;13791;5233;x
th_bountiful_shrine;th_east_bank_of_misty_lake;15170;5228;x
th_rusted_gate;th_east_bank_of_misty_lake;15218;5230;x
seongwi;east_jeju_sea;13462;5228;x
agawa;muroto_cape;13768;5238;x
th_etrnal_night_forest;th_norh_bank_of_misty_lake;15109;5228;x
th_yama_outpost_harbor;th_higan_shore_sea2;14378;5232;x
th_sea_of_lycoris;th_sunken_soul_sea;15666;5235;x
takaoka;muroto_cape;13760;5232;x
th_isle_void_gaze;th_higan_shore_sea2;14364;5232;x
hayami;west_seto_sea;13680;5231;x
th_skeleton_castle_tower;th_sunken_soul_sea;15687;5223;x
payomkawichum;orange_cove;2345;5228;x
minamimatsuura;oomura_bay;13562;5202;x
mazaghan;cape_beddouza;7297;5220;x
ooita;west_seto_sea;13682;5229;x
xinghua;changsha_island;13177;5218;x
amabe;kannon_rock;13701;5206;x
th_isle_rust_shield_island;th_higan_shore_sea;14314;5212;x
th_picnic_spot_for_somebody;th_sunken_soul_sea;15672;5227;x
kumeyaay;san_diego_bay;2354;5197;x
th_hell_low_wall;th_higan_shore_sea2;14355;5222;x
th_yama_sentry;th_higan_shore_sea2;14368;5223;x
th_fearness_beach;th_norh_bank_of_misty_lake;15093;5211;x
zuwarah;coast_jeffara;8236;5214;x
kishima;shimabara_bay;13618;5214;x
saga;shimabara_bay;13621;5219;x
th_keikoku_bousen_shiryu;th_west_bank_of_misty_lake;15060;5211;x
higashisonogi;oomura_bay;13601;5213;x
mii;shimabara_bay;13625;5216;x
hata;ashizuri_cape;13746;5204;x
wando;charleston_harbor;4075;5211;x
nishisonogi;oomura_bay;13592;5202;x
th_harbinger_bridge;th_east_bank_of_misty_lake;15224;5205;x
th_emperors_mansion;th_higan_shore_sea;14336;5216;x
th_tomb_first_dead;th_river_of_forgetfulness_strait_sea;15726;5199;x
tit;cape_beddouza;7285;5203;x
tamana;shimabara_bay;13628;5205;x
th_reed_shallow_bay;th_nether_cloud_bay_sea;15507;5205;x
th_driftwood_strand;th_nether_cloud_bay_sea;15522;5200;x
takaki;shimabara_bay;13615;5197;x
xixi;changsha_island;13180;5197;x
th_hell_pending_cases;th_higan_shore_sea;14314;5208;x
th_keikoku_kijin_shoukei;th_west_bank_of_misty_lake;15034;5202;x
th_fortune_cat_house;th_west_bank_of_misty_lake;15017;5194;x
th_bramble_palisade;th_nether_cloud_bay_sea;15497;5193;x
funchal;western_madeira_coast;6915;5201;x
th_taihe_palace;th_higan_shore_sea;14289;5203;x
th_hina_port;th_west_bank_of_misty_lake;15074;5202;x
akita_kumamoto;shimabara_bay;13631;5193;x
etiwan;port_royal_sound;4053;5199;x
kiawah;port_royal_sound;4045;5186;x
higashiusuki;kannon_rock;13687;5184;x
th_spring_view_pavilion;th_east_bank_of_misty_lake;15243;5181;x
th_barrier_of_deligence;th_nether_cloud_bay_sea;15540;5188;x
asfi;cape_beddouza;7269;5186;x
th_bizhen_palace;th_kego_no_umi_sea;14273;5180;x
hailing;changsha_island;13190;5189;x
amakusa;shimabara_bay;13620;5182;x
mashiki;shimabara_bay;13635;5188;x
th_inei_shinrin_yuugen_jukai;th_west_bank_of_misty_lake;15006;5183;x
yatsushiro_higo;shimabara_bay;13632;5184;x
th_hell_guard_barracks;th_kego_no_umi_sea;14267;5173;x
th_barrier_of_life;th_nether_cloud_bay_sea;15545;5177;x
th_fake_life_village;th_lightless_deep_sea_north;15713;5176;x
juegang;wunansha_island;13214;5177;x
akwaala;todos_santos_bay;2380;5138;x
th_calamity_port;th_west_bank_of_misty_lake;15001;5172;x
th_border_marker_trail;th_nether_cloud_bay_sea;15489;5166;x
combahee;ossabaw_sound;4019;5168;x
th_thaw_glade;th_east_bank_of_misty_lake;15269;5177;x
ashikita;shimabara_bay;13628;5172;x
th_broken_shell_beach;th_east_bank_of_misty_lake;15276;5170;x
th_frandre_scarlet_bedchamber;th_norh_bank_of_misty_lake;15156;5171;x
bermuda;bermuda_island;4746;5168;x
th_artifical_stream;th_nether_cloud_bay_sea;15556;5173;x
wimbee;ossabaw_sound;4018;5161;x
koyu;udo_cape;13680;5162;x
th_scarlet_dream_bedchamber;th_norh_bank_of_misty_lake;15115;5165;x
izumi_satsuma;shimabara_bay;13619;5165;x
th_phantom_arsenal;th_lightless_deep_sea_north;15677;5161;x
th_scarlet_moonlight_tea_room;th_norh_bank_of_misty_lake;15137;5168;x
th_strange_rockwork;th_nether_cloud_bay_sea;15547;5159;x
th_yama_palace;th_kego_no_umi_sea;14280;5160;x
th_seven_star_summoning_chamber;th_east_bank_of_misty_lake;15184;5157;x
aguz;cape_hadid;7266;5160;x
jinghai_tongzhou;yantze_estuary;13192;5148;x
th_misfortune_swamp;th_west_bank_of_misty_lake;15000;5156;x
th_perfect_maid_armory;th_west_bank_of_misty_lake;15095;5146;x
th_great_fairy_treehouse;th_east_bank_of_misty_lake;15276;5154;x
haimen;wunansha_island;13225;5158;x
jiangyin;yantze_estuary;13171;5151;x
rugao;yantze_estuary;13179;5153;x
tybee;ossabaw_sound;4008;5147;x
naka_hyuuga;udo_cape;13676;5144;x
mogador;cape_hadid;7254;5141;x
th_suying_palace;th_kego_no_umi_sea;14268;5143;x
th_coin_eyes_bridge;th_lightless_deep_sea_north;15672;5147;x
th_kazaana_yamame_web;th_west_bank_of_misty_lake;15005;5136;x
th_isle_infinite_light;th_eternal_night_sea;14177;5144;x
th_fossil_coast;th_enma_judgment_bay_sea1;14211;5144;x
th_leaf_curtain_balcony;th_east_bank_of_misty_lake;15263;5141;x
th_desolate_courtyard;th_nether_cloud_sea;15475;5139;x
changshu;yantze_estuary;13187;5142;x
satsuma;amakusa_sea;13614;5141;x
th_hell_port;th_kego_no_umi_sea;14241;5141;x
chongming;yantze_estuary;13214;5134;x
ossabaw;ossabaw_sound;4001;5136;x
th_miasma_field;th_kego_no_umi_sea;14238;5138;x
kwapa;colorado_delta;2469;5133;x
th_paper_doll_village;th_lightless_deep_sea_north;15678;5136;x
north_hia_ced_oodham;colorado_delta;2503;5122;x
kunshan;yantze_estuary;13209;5130;x
kagoshima;noma_cape;13621;5125;x
kuwabara;sata_cape;13638;5133;x
soo;sata_cape;13643;5132;x
th_yin_yang_customs;th_kego_no_umi_sea;14255;5136;x
th_ice_fariy_island;th_east_bank_of_misty_lake;15236;5124;x
th_yosakura_kaidou_sakura_fubuki_sandou;th_nether_cloud_sea;15472;5126;x
miyazaki;udo_cape;13674;5127;x
th_isle_infinite_light_coast;th_eternal_night_sea;14185;5121;x
th_silver_blade_corridor;th_east_bank_of_misty_lake;15254;5121;x
kimotsuki;sata_cape;13638;5122;x
th_scarlet_gaze_balcony;th_misty_lake;15182;5118;x
koleeu;colorado_delta;2464;5105;x
sapelo;ossabaw_sound;3997;5121;x
th_snow_gloem_factory;th_soul_sea_location;15566;5119;x
jiading;yantze_estuary;13217;5121;x
th_kazaana_webway;th_west_bank_of_misty_lake;15000;5114;x
th_eternal_rose_maze;th_west_bank_of_misty_lake;15090;5114;x
th_paper_windmill_garden;th_lightless_deep_sea;15689;5119;x
minamimorokata;shibushi_bay;13658;5118;x
th_the_beach;th_lightless_deep_sea;15717;5110;x
ibusuki;sata_cape;13629;5106;x
th_yosakura_kaidou_gyaku_ben_gawa;th_nether_cloud_sea;15468;5113;x
th_south_aokigahara_forest;th_lightless_deep_sea;15702;5112;x
nanhui;hangzhou_bay;13229;5083;x
tafedna;cape_sim;7242;5101;x
th_magical_power_unit_area;th_nether_cloud_sea;15481;5106;x
th_greater_kitchen;th_soul_sea_location;15574;5093;x
th_crimson_vein_mine;th_east_bank_of_misty_lake;15242;5109;x
oosumi;sata_cape;13640;5101;x
th_hole_of_the_border;th_eternal_night_sea;14194;5098;x
tacatacaru;altamaha_sound;3989;5101;x
south_hia_ced_oodham;tecopa_cape;2545;5069;x
th_guardian_golem_shed;th_misty_lake;15172;5099;x
th_scarlet_danmaku_proving_ground;th_misty_lake;15224;5097;x
th_trail_marsh_entrance;th_west_bank_of_misty_lake;15003;5092;x
th_monitoring_station_of_borders;th_nether_cloud_sea;15500;5089;x
th_lost_temple;th_lightless_deep_sea;15717;5097;x
th_midnight_blooming_garden;th_mermaid_bay_sea;15121;5092;x
th_scarlet_moonlight_fountain_plaza;th_mermaid_bay_sea;15129;5096;x
th_trail_stones_spring;th_west_bank_of_misty_lake;15015;5089;x
th_main_gate_plaza;th_misty_lake;15148;5083;x
th_bull_head_village;th_eternal_night_sea;14201;5082;x
mocama;altamaha_sound;3985;5080;x
ait_daoud;cape_sim;7242;5079;x
th_isle_no_self_rock;th_eternal_night_sea;14191;5075;x
th_drown_fleet_port;th_lightless_deep_sea;15725;5085;x
th_black_beard_bay;th_ghost_sea_location;15742;5085;x
nakipa;hares_eye_lagoon;2445;5004;x
th_rock_gardenv;th_soul_sea_location;15583;5063;x
th_eternal_dusk_beach;th_misty_lake;15212;5074;x
kumage_oosumi;sata_cape;13649;5070;x
th_old_hell_geyser_trail;th_mermaid_bay_sea;15059;5061;x
th_hakugyokurou;th_soul_sea_location;15595;5077;x
huating;hangzhou_bay;13215;5075;x
th_trail_pillars_jet;th_west_bank_of_misty_lake;15017;5074;x
th_ghost_village;th_ghost_sea_location;15771;5063;x
haiyan;qiantang_estuary;13197;5063;x
mobile;mobile_bay;3688;5058;x
th_purgatorial_foundry_port;th_eternal_night_sea;14198;5069;x
agadir;agadir_bay;7249;5061;x
th_wuchang_shore;ogasawara_islands_high_sea_1;14191;5031;x
th_maintenance_device_area;th_nether_cloud_sea;15504;5058;x
pensacola;pensacola_bay;3726;5058;x
th_isle_emptiness_islands;th_eternal_night_sea;14177;5053;x
timucua;altamaha_sound;3986;5057;x
gomu;nagata_cape;13623;5053;x
th_crimson_creek_bridge;th_misty_lake;15196;5057;x
choctawhatchee;pensacola_bay;3760;5058;x
changguo;hangzhou_bay;13251;5042;x
machul;iranian_bay;9930;5058;x
pascagoula;biloxi_bay;3655;5053;x
quban;iranian_bay;9926;5046;x
haining;qiantang_estuary;13181;5056;x
biloxi;biloxi_bay;3630;5051;x
hangzhou;qiantang_estuary;13167;5050;x
th_onsen_pool_hellfish;th_mist_channel_sea_north;15040;5031;x
xiica_hai_iic_coii;xazl_iimt_island;2562;5026;x
abadan;kuwait_bay;9900;5027;x
th_crimson_tide_harbor;th_misty_lake;15174;5041;x
watappo;saint_andrew_bay;3800;5031;x
th_giant_garden;th_ghost_sea_location;15786;5048;x
massa_MOR;agadir_bay;7248;5036;x
xiaoshan;qiantang_estuary;13170;5048;x
cixi;hangzhou_bay;13222;5044;x
hendijan;iranian_bay;9953;5036;x
bandar_deylam;iranian_bay;9972;5039;x
yuyao;qiantang_estuary;13199;5046;x
th_secret_path_to_the_lakeshore;th_mermaid_bay_sea;15102;5039;x
shaoxing;qiantang_estuary;13181;5042;x
shangyu;qiantang_estuary;13190;5043;x
bogue_chitto;biloxi_bay;3614;5041;x
th_castel_ruins;th_phantom_reef_sea;15565;5016;x
bulbancha;biloxi_bay;3613;5032;x
anhayca;apalachee_bay;3849;5028;x
th_north_new_world_port;th_phantom_reef_sea;15477;5034;x
azile;apalachee_bay;3881;5028;x
dinghai;hangzhou_bay;13238;5031;x
mayaca;st_augustine_inlet;3993;5022;x
th_tomb_of_swords;th_netherworld_sea_location;15806;5013;x
zuwayr;kuwait_bay;9892;5025;x
th_maze_hedge;th_misty_lake;15167;5030;x
th_south_new_world_port;th_phantom_reef_sea;15475;5029;x
suez;gulf_suez;9173;5025;x
th_flandres_playground;th_misty_lake;15150;5023;x
th_onsen_street_market;th_mist_channel_sea_north;15024;5012;x
th_steam_shroud_atoll;th_mist_channel_sea_north;15026;4994;x
th_yakumo_beach;th_hakurei_inland_sea;15355;5016;x
th_black_clan;th_hakurei_inland_sea;15374;5026;x
el_jundi;gulf_suez;9181;5002;x
th_scarlet_fog_bog;th_misty_lake;15161;5025;x
th_asia_port;th_phantom_reef_sea;15478;5017;x
th_cats_amusement_park;th_hakurei_inland_sea;15387;5011;x
th_purge_ironworks_port;ogasawara_islands_high_sea_1;14202;5017;x
th_wakasagihime_manor;th_misty_lake;15134;5017;x
ciwat;vermillion_bay;3502;5010;x
tiznit;agadir_bay;7236;5016;x
jannaba;khark_island;9989;5007;x
caux;trinity_lagoon;3374;5017;x
cochimi;xazl_iimt_island;2520;4998;x
otse;vermillion_bay;3451;5018;x
saint_anthony;gulf_suez;9173;5000;x
orcoquisac;trinity_lagoon;3385;5006;x
atchafalaya;atchafalaya_bay;3547;4985;x
yinxian;sanmen_bay;13236;5014;x
chawasha;barataria_bay;3605;4992;x
pachina;trinity_lagoon;3414;5013;x
potano;waccasassa_bay;3904;4994;x
toyal;trinity_lagoon;3368;5011;x
xiangshan;sanmen_bay;13240;4998;x
th_africa_port;th_phantom_reef_sea;15478;5011;x
fenghua;sanmen_bay;13226;5006;x
th_depression_of_chaos_qi;ogasawara_islands_high_sea_1;14203;5000;x
jororo;st_augustine_inlet;4004;4991;x
kazimah;kuwait_bay;9873;5005;x
th_europe_port;th_phantom_reef_sea;15480;5004;x
th_endless_tea_party;th_phantom_reef_sea;15576;4996;x
han;trinity_lagoon;3372;4992;x
th_yakumo_bay_shiun_misaki;th_hakurei_inland_sea;15353;4997;x
ifni;cape_draa;7222;4991;x
aqaba;gulf_aqaba;9277;4997;x
th_calico_clan;th_hakurei_inland_sea;15402;5003;x
tahejoc;kino_bay;2584;4978;x
ninghai;sanmen_bay;13225;4989;x
th_youki_port;th_netherworld_sea_location;15806;4990;x
qurain;kuwait_bay;9882;4995;x
bandar_rig;khark_island;9996;4997;x
th_rans_room;th_hakurei_inland_sea;15408;4980;x
haql;gulf_aqaba;9279;4985;x
th_coral_corridor;th_mist_channel_sea_north;15060;4994;x
th_chens_room;th_gap_sea_location;15481;4974;x
teguise;southern_fuerteventura_coast;7079;4977;x
th_borei_genya;th_mirage_undercurrent_sea;15721;4994;x
th_24th_graveyard;th_void_sea_location;15652;4993;x
th_dankyu_kyuuryou;th_mirage_undercurrent_sea;15697;4987;x
th_kenny_cementry;th_mirage_undercurrent_sea;15676;4987;x
th_onsen_pool_seishin;th_mist_channel_sea_north;15018;4990;x
reyshahr;bushehr_bay;10003;4972;x
th_thousand_petal_path;th_hakurei_inland_sea;15355;4990;x
th_komachis_hideout;ogasawara_islands_high_sea_1;14200;4974;x
th_diavolo_crimson_hotel;th_void_sea_location;15636;4985;x
th_konpaku_fosse;th_mirage_undercurrent_sea;15747;4985;x
th_front_hill_sakura;th_hakurei_inland_sea;15376;4963;x
th_boiling_tide_channel_port;th_mist_channel_sea_north;15010;4980;x
th_tide_song_cavern;th_mist_channel_sea_north;15061;4976;x
uqueten;waccasassa_bay;3923;4976;x
noul_lamta;cape_draa;7213;4979;x
nuweiba;gulf_aqaba;9269;4960;x
xianzhu;sanmen_bay;13223;4976;x
th_tomitake_marsh;th_void_sea_location;15620;4979;x
th_youki_monument;th_mirage_undercurrent_sea;15777;4967;x
faran;gulf_suez;9201;4964;x
th_death_metal_rock_end;th_void_sea_location;15602;4964;x
ash_shuaybah;zawr_cape;9896;4951;x
saint_paul_anchorite;gulf_suez;9187;4960;x
surruque;cape_canaveral;4016;4949;x
aouint_yghomane;cape_draa;7196;4967;x
capoque;brazos_mouth;3347;4965;x
th_dragon_breath_vent;th_mist_channel_sea_south;15012;4951;x
makna;cape_muhammad;9271;4916;x
tocaste;tampa_bay;3931;4910;x
tedote;north_western_tenerife_coast;6872;4956;x
linhai;yueqing_bay;13226;4957;x
th_fantasy_canal_harbor;th_mist_channel_sea_north;15064;4957;x
xiica_xnaai_iic_coii;sahuimaro_coast;2611;4940;x
th_hakurei_boundary_marker_wharf;th_mist_channel_sea_north;15061;4946;x
maxorata;southern_gran_canaria_coast;7039;4926;x
karankawa;matagorda_bay;3314;4951;x
th_yukaris_room;th_gap_sea_location;15455;4956;x
mariame;matagorda_bay;3296;4937;x
th_hazbin_hotel;ogasawara_islands_high_sea_1;14200;4946;x
tantan;es_semara_coast;7151;4929;x
huangyan;yueqing_bay;13223;4951;x
khormoj;khann_cape;10022;4934;x
aguere;northern_tenerife_coast2;6939;4942;x
th_lost_courtyard;th_southern_hakurei_gulf_west_sea;15424;4922;x
amami_ooshima;miyako_cape;13587;4933;x
mti_pa;eugenia_cape;2479;4878;x
el_tor;gulf_suez;9220;4930;x
wenling;yueqing_bay;13218;4933;x
ras_gharib;cape_muhammad;9226;4895;x
th_hell_terraced_springs;th_mist_channel_sea_south;15015;4929;x
copane;corpus_christi_bay;3273;4916;x
saint_katrine;gulf_aqaba;9260;4929;x
th_ravine_cherry_path;th_first_snow_sea_north;15360;4932;x
ho_bay;cape_canaveral;4024;4918;x
yueqing;yueqing_bay;13204;4921;x
th_expedition_port;ogasawara_islands_high_sea_2;14230;4920;x
th_hell_solitus_shore;th_abiki_zankyo_umi_sea2;14570;4914;x
hipalan;southern_tenerife_coast2;6879;4905;x
th_hell_solitus_reef;th_abiki_zankyo_umi_sea2;14545;4927;x
tamaraceite;southern_gran_canaria_coast;6986;4903;x
th_austere_sleeping_chamber;th_first_snow_sea_north;15352;4920;x
th_muenzuka_junk_hill;th_abiki_zankyo_umi_sea2;14530;4921;x
th_harbor_masters_observatory;th_mist_channel_sea_south;15042;4913;x
bandar_deyr;khann_cape;10030;4913;x
th_hecatia_temple;ogasawara_islands_high_sea_2;14247;4920;x
aynuna;cape_muhammad;9289;4920;x
jannah;mishab_cape;9918;4903;x
th_oni_colosseum_location;th_mist_channel_sea_south;14998;4915;x
th_hell_muenzuka_lamp;th_abiki_zankyo_umi_sea2;14523;4913;x
shuangxi;yueqing_bay;13186;4917;x
th_port_of_goddess;ogasawara_islands_high_sea_2;14265;4904;x
laayoune;cape_juby;7078;4862;x
al_muwaylih;cape_muhammad;9297;4910;x
yongjia;yueqing_bay;13191;4915;x
guaimas;haro_cape;2648;4910;x
tokunoshima;hedo_cape;13555;4900;x
th_tea_room_corridor;th_first_snow_sea_north;15347;4899;x
mocozo;tampa_bay;3939;4905;x
yoreme;huivulau_bay;2674;4865;x
piguique;corpus_christi_bay;3253;4883;x
ruian;shacheng_harbour;13188;4903;x
th_muezuka_re_hec;th_shakunetsu_shiogama_sea3;14494;4903;x
siraf;nayband_gulf;10081;4891;x
th_stranded_soul_shoal;th_shakunetsu_shiogama_sea3;14480;4895;x
th_hell_solitus_tide;th_abiki_zankyo_umi_sea2;14587;4886;x
th_hell_hecate_cape;ogasawara_islands_high_sea_2;14287;4896;x
ozita;san_carlos_bay;3951;4853;x
th_silent_bet_den;th_fog_channel_stratts_sea;14975;4894;x
ais;palm_beach;4038;4877;x
pingyang;shacheng_harbour;13179;4880;x
th_waste_ink_pool;ogasawara_islands_high_sea_2;14287;4877;x
th_steam_bath_hospital;th_abiki_zankyo_umi_sea2;14605;4871;x
th_hakurei_coast;th_mist_channel_sea_south;15049;4887;x
th_sunken_ship_graveyard;th_shakunetsu_shiogama_sea3;14456;4883;x
duba;north_tihamah_coast;9317;4876;x
th_oni_arena_location;th_fog_channel_stratts_sea;14965;4883;x
th_hakurei_seaside;th_mirror_gulf_sea;15134;4883;x
th_sacred_torii_beach;th_mirror_gulf_sea;15109;4866;x
th_white_sand_beach;th_mirror_gulf_sea;15149;4882;x
th_hell_steamer_valley;ogasawara_islands_high_sea_2;14293;4875;x
th_kazami_trail;th_first_snow_sea_north;15321;4875;x
cadegomo;concepcion_bay;2594;4861;x
th_feral_beast_menagerie;th_fog_channel_stratts_sea;14965;4880;x
th_sunken_lighthouse;th_kyoukan_rekka_sea;14417;4875;x
safaga;safaga_island;9239;4850;x
th_sunken_shell_wall;th_kyoukan_rekka_sea;14441;4865;x
al_jubayl;alaly_cape;9948;4870;x
tinapihuaya;corpus_christi_bay;3256;4868;x
th_giant_gourd_aging_hall;th_fog_channel_stratts_sea;14975;4861;x
th_komainu_coastal_guard_post;th_mirror_gulf_sea;15165;4866;x
th_sea_view_cliff;th_hakurei_dreamlike_bay_sea;15069;4864;x
th_repent_forest_door_hell;th_kyoukan_rekka_sea;14390;4858;x
gamrun;strait_hormuz;10255;4867;x
th_central_boulevard_enma;th_oni_feast_bay_sea;14889;4861;x
guacata;palm_beach;4048;4844;x
changshi;shacheng_harbour;13164;4852;x
th_harbor_magma_wharf;th_kokujou_kou_kai_sea;14652;4853;x
th_nuclear_fusion_center;th_kokujou_kou_kai_sea;14666;4858;x
minab;strait_hormuz;10275;4864;x
bandar_khamir;strait_hormuz;10240;4861;x
th_harbor_fuel_depot;th_kokujou_kou_kai_sea;14633;4856;x
hormuz;strait_hormuz;10250;4852;x
nakijin;hedo_cape;13518;4854;x
th_pillar_of_tears_islet;th_kyoukan_rekka_sea;14383;4851;x
th_bustling_feast_gakidou;th_oni_feast_bay_sea;14867;4856;x
al_azlam;north_tihamah_coast;9330;4852;x
th_penitent_sinners_coast;ogasawara_islands_high_sea_2;14285;4852;x
kish;kish_island;10142;4840;x
th_oni_harbor_location;th_oni_feast_bay_sea;14897;4853;x
senderk;strait_hormuz;10285;4848;x
th_vein_of_living_jade;th_first_snow_sea_north;15321;4855;x
huatabampo;agiabampo_bay;2713;4834;x
lucayoneque;abaco_coast;4177;4836;x
th_seaside_promenade;th_southern_hakurei_gulf_sea;15191;4834;x
monqui;loreto_bay;2624;4807;x
al_qatif;alaly_cape;9968;4848;x
th_burden_shedding_beach_port;th_shakunetsu_shiogama_sea;14341;4845;x
th_oni_quarters_street;th_oni_feast_bay_sea;14907;4851;x
th_hoshiguma_bar;th_oni_feast_bay_sea;14919;4839;x
th_cape_lighthouse;th_hakurei_dreamlike_bay_sea;15066;4833;x
tugumlepen;padre_island;3258;4825;x
th_hell_flayed_coast;th_shakunetsu_shiogama_sea;14327;4827;x
th_center_energy_corridors;th_kokujou_kou_kai_sea;14667;4839;x
bandar_lengeh;tangeh_khoran_strait;10197;4836;x
fuan;sansha_bay;13140;4844;x
th_peninsula_lighthouse;th_first_snow_sea_north;15340;4845;x
bahama;bimini_channel;4131;4835;x
ningde;sansha_bay;13136;4839;x
caloosahatchee;san_carlos_bay;3956;4831;x
bandar_charak;kish_island;10160;4840;x
urasoe;zanpa_cape;13510;4832;x
th_sake_laden_wharf;th_oni_feast_bay_sea2;14849;4837;x
th_yeast_wraith_garden;th_fog_channel_stratts_sea;14966;4834;x
th_hell_peninsula_main;ogasawara_islands_high_sea_2;14271;4830;x
th_submerged_foundation_reef;th_oni_feast_bay_sea2;14837;4827;x
al_wajh;north_hijaz_coast;9350;4813;x
sirik;strait_oman;10293;4811;x
th_windbreak_pine_forest;th_first_snow_sea_north;15353;4826;x
th_fermentation_blood_pool;th_oni_feast_bay_sea;14927;4827;x
th_east_coast_rocks;th_hakurei_dreamlike_bay_sea;15055;4826;x
luoyuan;sansha_bay;13138;4827;x
th_laser_energy_storage_warehouse;th_jigoku_shindo_trench_sea2;14672;4806;x
sayhat;gulf_bahrein;9972;4803;x
bojador;cape_bojador;7021;4777;x
el_qoseir;safaga_island;9249;4817;x
th_wine_cellar;th_southern_hakurei_gulf_sea;15223;4819;x
lianjiang;sansha_bay;13143;4817;x
th_oni_drunken_sandbank_market;th_hai_goku_reefs_sea2;14951;4808;x
th_moonlight_cellar;th_southern_hakurei_gulf_sea;15249;4821;x
tequemapo;chokoloskee_bay;3980;4791;x
oozato;kin_bay;13513;4815;x
julfar;shaykh_masud_cape;10243;4802;x
mayaimi;biscayne_bay;4045;4796;x
th_barrier_nexus;th_first_snow_sea;15280;4813;x
ahome;ohuira_bay;2726;4775;x
th_hell_stone_plains_island;ogasawara_islands_high_sea_3;14230;4802;x
th_hell_blood_cape;ogasawara_islands_high_sea_3;14258;4813;x
th_village_lane_bone;th_oni_feast_bay_sea2;14821;4812;x
manama;gulf_bahrein;9988;4796;x
th_oni_brewery_core;th_hai_goku_reefs_sea2;14942;4799;x
th_vein_of_living_jade_port;th_first_snow_sea;15318;4801;x
th_seafood_drying_field;th_first_snow_sea;15303;4810;x
zubarah;gulf_bahrein;10007;4784;x
th_reactor_coolant_circulation_center;th_jigoku_shindo_trench_sea;14716;4795;x
th_tungsten_disulfide_manufacturing_site;th_jigoku_shindo_trench_sea;14739;4807;x
minxian;sansha_bay;13137;4806;x
th_hell_pipes_outer;th_jigoku_shindo_trench_sea;14753;4794;x
th_hell_river_slag;th_oni_feast_bay_sea2;14822;4797;x
changle_fujian;sansha_bay;13137;4794;x
atanagunypacam;madre_lagoon;3251;4758;x
al_huwaila;matbakh_cape;10041;4783;x
bandar_e_jask;cape_jask;10325;4780;x
khor_fakkan;hamra_cape;10259;4759;x
al_uqayr;gulf_bahrein;9989;4768;x
fuqing;sansha_bay;13137;4777;x
th_hell_tribunal;th_jigoku_shindo_trench_sea;14789;4757;x
guaycura;comondu_coast;2604;4715;x
al_hawra;shibara_archipelago;9373;4768;x
al_dhaid;northern_trucial_coast;10222;4775;x
tequesta;florida_bay;4021;4752;x
jagin_zir;cape_kalat;10361;4774;x
sonamiani;sonmiani_bay;10712;4767;x
eglat_faisal;gulf_bahrein;10001;4752;x
eleuthera;torque_ocean;4219;4752;x
zarabad;cape_kalat;10388;4766;x
sinaloa;talchichintle_island;2764;4749;x
putian;xinghua_bay;13117;4759;x
pasni;indian_coast3;10588;4763;x
ormara;ormara_coast;10636;4758;x
al_tiz;chabahar_bay;10439;4760;x
sharjah;northern_trucial_coast;10210;4763;x
hinglaj;sonmiani_bay;10680;4762;x
al_bidda;abu_gamys_cape;10041;4739;x
guarungube;florida_keys;3991;4725;x
basai;santiao_cape;13234;4753;x
dubai;southern_trucial_coast;10183;4734;x
gwadar;indian_coast2;10533;4753;x
manora;sonmiani_bay;10727;4745;x
abacoa;torque_ocean;4154;4718;x
gwatar;jiwani_bay;10489;4747;x
huian;xinghua_bay;13104;4739;x
umluj;shibara_archipelago;9382;4741;x
kulun;tamsui_estuary;13202;4747;x
shinas;hamra_cape;10263;4730;x
kavalan;yonaguni_strait;13238;4728;x
culiacan;lucenilla_peninsula;2794;4709;x
al_mashqar;gulf_bahrein;10002;4733;x
jinjiang;xiamen_harbour;13087;4718;x
tamaulipeco;madre_lagoon;3244;4718;x
dakhla;dakhla_bay;6973;4674;x
miyakojima;higashihenna_cape;13391;4729;x
taokas;tamsui_estuary;13191;4727;x
sir_bani_yas;abu_gamys_cape;10062;4698;x
laribandar;indian_coast6;10753;4710;x
guanima;central_great_bahama_bank;4252;4707;x
nanan_quanzhou;xiamen_harbour;13080;4718;x
tongan;xiamen_harbour;13071;4714;x
abu_dhabi;abu_abyad_island;10158;4706;x
ash_shibahah;yanbu_harbour;9397;4702;x
al_udayd;abu_gamys_cape;10036;4711;x
ishigaki;yaeyama_islands;13350;4706;x
yenecamu;pulmo_cape;2699;4666;x
suhar;tehama_coast;10274;4709;x
pakuali;yonaguni_strait;13236;4708;x
longxi;xiamen_harbour;13065;4707;x
iriomote;yaeyama_islands;13325;4697;x
marawah;abu_abyad_island;10128;4692;x
papora;zhuoshui_estuary;13175;4701;x
saham;tehama_coast;10284;4692;x
zhangpu;xiamen_harbour;13058;4689;x
babuza;zhuoshui_estuary;13168;4687;x
aydhab;cape_hadarba;9334;4611;x
truku;chilai_cape;13229;4691;x
guanahani;long_island_coast;4284;4663;x
yanbu;south_hijaz_coast;9429;4683;x
quetzalla;mazatlan_coast;2820;4681;x
amis;chilai_cape;13224;4663;x
al_khaburah;tehama_coast;10296;4682;x
muhammad_tur;indian_coast7;10776;4674;x
zhaoan;dongshan_bay;13032;4669;x
piaxtla;mazatlan_coast;2830;4663;x
rustaq;tehama_coast;10312;4675;x
lakhpat;indian_coast8;10810;4651;x
lloa;zhuoshui_estuary;13140;4661;x
nakhal;fujairah_coast;10328;4670;x
maratine;tamaulipas_coast;3243;4659;x
al_jar;south_hijaz_coast;9447;4656;x
exuma;central_great_bahama_bank;4241;4661;x
as_sib;fujairah_coast;10341;4668;x
masqat;fujairah_coast;10356;4665;x
sanrao;dongshan_bay;13019;4661;x
haiyang;dongshan_bay;13014;4654;x
mazatlan;mazatlan_coast;2843;4645;x
jieyang;dongshan_bay;12997;4649;x
chaoyang;dongshan_bay;13003;4640;x
siraya;pescadores_strait;13155;4635;x
west_sabaneneque;west_sabana_archipelago;4017;4636;x
qalhat;abu_dawood_cape;10383;4629;x
guanimar;west_sabana_archipelago;3996;4636;x
habana;havana_bay;3957;4640;x
al_juhfah;central_tihamah_coast;9461;4619;x
qasba;indian_coast63;11815;4629;x
chandpur;indian_coast63;11815;4630;x
central_sabaneque;west_sabana_archipelago;4042;4627;x
jumento;long_island_coast;4310;4604;x
huilai;jieshi_bay;12986;4623;x
chiametlan;huizache_lagoon;2866;4616;x
pantlan;chavarria_bar;3239;4610;x
marien_cuba;east_colorados_archipelago;3912;4629;x
kapilkot;indian_coast9;10856;4614;x
makatao;tapeng_bay;13179;4590;x
guaniguanico;east_colorados_archipelago;3885;4619;x
kobirhat;indian_coast63;11844;4601;x
shahbazpur;indian_coast63;11830;4584;x
panyu;pearl_river_delta;12855;4615;x
dongguan;pearl_river_delta;12863;4614;x
haifeng;jieshi_bay;12940;4613;x
lufeng_haifeng;jieshi_bay;12965;4614;x
shunde;pearl_river_delta;12851;4617;x
sabana;east_sabana_archipelago;4082;4606;x
pingshan_huiyang;victoria_harbour;12912;4606;x
guishan;victoria_harbour;12907;4611;x
sitakunda;indian_coast63;11859;4605;x
xiangshan_xinhui;guanghai_bay;12847;4571;x
baoan_dongguan;victoria_harbour;12901;4600;x
batanabo;batabano_gulf;3953;4607;x
qudayd;central_tihamah_coast;9469;4600;x
nagnes;indian_coast9;10872;4601;x
sur;hadd_cape;10409;4603;x
paiwan;lan_island;13196;4576;x
al_kuwayra;cape_blanc;6918;4557;x
east_sabaneque;camaguey_archipelago;4126;4591;x
guanamacabibes;cape_corrientes;3854;4562;x
dwarka;indian_coast9;10841;4590;x
guanfu;victoria_harbour;12890;4582;x
hanabana;cochinos_bay;3980;4580;x
acaponeta;nayarit_coast;2880;4589;x
chittagong;indian_coast63;11867;4585;x
mabuya;camaguey_archipelago;4153;4575;x
panuco;tamiahua_lagoon;3243;4572;x
khulays;central_tihamah_coast;9467;4582;x
khambat;indian_coast15;10997;4585;x
chandrawip;indian_coast62;11817;4585;x
kaua_i;makahuena_point;421;4568;x
danduka;indian_coast15;10984;4574;x
broach;indian_coast15;10990;4569;x
jagua;cienfuegos_bay;4026;4573;x
kulpi;indian_coast60;11705;4553;x
barguna;indian_coast62;11789;4568;x
xinhui;guanghai_bay;12838;4580;x
aztatlan;nayarit_coast;2882;4569;x
tamluk;indian_coast60;11703;4569;x
guanghai;guanghai_bay;12823;4557;x
east_sundarban;indian_coast61;11765;4560;x
chakaria;indian_coast63;11870;4557;x
asfan;central_tihamah_coast;9462;4570;x
jalan_buani_buali;ar_ruays_cape;10378;4525;x
guamuhaya;cienfuegos_bay;4043;4559;x
caycos;turks_islands_passage;4426;4552;x
siguanea;east_canarreos_archipelago;3936;4546;x
chhaya;indian_coast10;10855;4552;x
jaynagar;indian_coast61;11726;4552;x
west_sundarban;indian_coast61;11739;4549;x
sihor;indian_coast15;10982;4555;x
anyuan_lianzhou;qinzhou_bay;12637;4553;x
kanthi;indian_coast60;11687;4552;x
ruxi;qinzhou_bay;12623;4548;x
ozuluama;tamiahua_lagoon;3254;4548;x
yangjiang;guanghai_bay;12790;4555;x
magdalenas;north_aztatlan;2843;4542;x
hepu;tieshan_harbour;12670;4538;x
o_ahu;maalaea_bay;499;4530;x
magon;cienfuegos_bay;4070;4548;x
duling;zhanjiang_harbour;12775;4544;x
jeddah;ghurab_island;9471;4529;x
titsimin;lagartos_coast;3675;4547;x
rander;indian_coast15;10996;4536;x
sentispac;guayabitos_coast;2897;4544;x
ornofay;ana_maria_gulf;4100;4546;x
ekab;cozumel_island;3733;4488;x
jalesar;indian_coast60;11666;4544;x
inagua;inagua_coast;4363;4530;x
labcah;holbox_island;3711;4542;x
palitana;indian_coast13;10961;4516;x
van_don;qinzhou_bay;12601;4537;x
baoning;zhanjiang_harbour;12753;4539;x
south_camaguey;ana_maria_gulf;4119;4514;x
suakin;beja_coast;9387;4465;x
balasore;indian_coast60;11651;4535;x
dzilam;dzilam_coast;3649;4539;x
ramu;mayu_river_estuary;11885;4516;x
shicheng;tieshan_harbour;12692;4539;x
cayaguayo;sabinal_key;4199;4536;x
suixi;tieshan_harbour;12686;4528;x
xalisco;guayabitos_coast;2898;4517;x
motul;dzilam_coast;3627;4535;x
wuchuan_huazhou;zhanjiang_harbour;12733;4534;x
tuxpan;tuxpan_coast;3258;4524;x
tho;sisal_coast;3603;4530;x
zhanchuan;zhanjiang_harbour;12720;4519;x
lora;sabinal_key;4216;4530;x
moloka_i;kahului_bay;545;4525;x
hunucma;sisal_coast;3588;4522;x
somnath;indian_coast11;10886;4514;x
bhadrak;indian_coast60;11647;4516;x
bani_cuba;nipe_bay;4245;4508;x
arguin;dakhlet_nouadhibou;6931;4497;x
surat;indian_coast14;11004;4506;x
lahaina;keahole_point;554;4506;x
anbang;ha_long_bay;12579;4509;x
teayotlan;tuxpan_coast;3266;4505;x
haikang;leizhou_bay;12712;4507;x
qingdao;tieshan_harbour;12682;4505;x
maui;keahole_point;570;4491;x
quang_yen;ha_long_bay;12563;4508;x
diu;indian_coast12;10915;4496;x
masirah;gulf_masirah;10348;4477;x
batanes;batanes_archipelago;13242;4486;x
maxcanu;lastre_point;3572;4490;x
barajagua;nipe_bay;4249;4501;x
nam_sach;red_river_delta;12553;4499;x
ratnagiri;indian_coast59;11644;4488;x
sagua;nipe_bay;4266;4499;x
akyab;arakhan_coast;11909;4476;x
daman;indian_coast14;11007;4488;x
guaimaro;guacanayabo_gulf;4159;4495;x
cueiba;guacanayabo_gulf;4172;4494;x
bo_hai_khau;red_river_delta;12545;4484;x
papantla;nauhtlan_coast;3274;4487;x
al_lith;abulat_island;9518;4466;x
xuwen;leizhou_bay;12720;4477;x
xihutla;banderas_bay;2885;4485;x
bayamo;guacanayabo_gulf;4180;4485;x
baracoa;windward_passage;4313;4464;x
cuyuxquihui;nauhtlan_coast;3281;4478;x
zama;ascension_bay;3712;4468;x
bassein;indian_coast16;11000;4435;x
calkini;campeche_bay;3571;4462;x
nouamghar;cape_timiris;6942;4423;x
kohala;hilo_bay;616;4464;x
macaca;guacanayabo_gulf;4162;4463;x
harishpur;indian_coast58;11627;4460;x
nauhtlan;nauhtlan_coast;3291;4465;x
thien_truong;red_river_delta;12536;4467;x
wenchang;tonggu_cape;12745;4440;x
minbya;kyunthaya_island;11931;4455;x
tortuga;tortuga_island;4378;4457;x
qiongshan;leizhou_bay;12716;4462;x
chakan_yucatan;ascension_bay;3705;4444;x
al_sirrayn;abulat_island;9541;4443;x
trang_an;hon_me_island;12523;4452;x
guantanamo;guantanamo_bay;4275;4451;x
tomatlan;chamela_bay;2896;4444;x
quiahuiztlan;nauhtlan_coast;3298;4453;x
lingao;qiongzhou_strait;12681;4458;x
chengmai;qiongzhou_strait;12697;4456;x
hilo;kumukahi_cape;643;4424;x
bayaquitiri;coast_sierra_maestra;4214;4454;x
kaan_peech;campeche_bay;3563;4442;x
guahaba;tortuga_island;4382;4454;x
bohio;cape_macorote;4470;4450;x
puri;indian_coast57;11584;4437;x
talak_burma;kyunthaya_island;11948;4444;x
co_dang;hon_me_island;12515;4449;x
baynoa;windward_passage;4352;4449;x
yilun;dangzhuo_bay;12659;4438;x
kona;kealakio_bay;593;4426;x
magorix;manzanillo_bay;4434;4453;x
marien;tortuga_island;4401;4445;x
cubao;cape_macorote;4487;4444;x
thanh_hoa;hon_me_island;12511;4440;x
ann;kyunthaya_island;11957;4437;x
ciguayo;escocesa_bay;4512;4428;x
cempoala;chachalacas_coast;3306;4431;x
tixmul;ascension_bay;3706;4423;x
ramree;ramree_island;11958;4395;x
khet_theu;hon_me_island;12509;4428;x
babuyan_islands;babuyan_channel;13222;4393;x
zihuatlan;tenacatita_bay;2924;4412;x
al_qunfudhah;south_tihamah_coast;9562;4405;x
changhua;dangzhuo_bay;12642;4424;x
chakan_putum;campeche_bay;3557;4416;x
ganjam;indian_coast57;11562;4419;x
cahay;gulf_gonave;4378;4410;x
cuauhtochco;chachalacas_coast;3309;4419;x
samana;escocesa_bay;4531;4420;x
lehui;gangbei_harbour;12728;4414;x
quynh_lam;hon_me_island;12507;4413;x
bombay;indian_coast16;11003;4409;x
ganen;yingge_cape;12636;4395;x
ka_u;kaalualu_bay;614;4406;x
xamapan;sontecomapan_lagoon;3325;4396;x
brahmapur;indian_coast57;11555;4412;x
boya;bay_samana;4540;4403;x
tixchel;xicalango_point;3532;4387;x
taungup;ramree_island;11971;4397;x
tlacalahuastla;tenacatita_bay;2943;4400;x
wanan_wananjun;gangbei_harbour;12724;4391;x
kalingapattanam;indian_coast56;11538;4385;x
dien_chau;ca_river_estuary;12500;4400;x
chaul;indian_coast17;11007;4387;x
guanabo;gulf_gonave;4368;4396;x
bavaro;mona_passage;4580;4381;x
jaragua;gulf_gonave;4391;4386;x
hali;south_tihamah_coast;9571;4376;x
hoan_chau;ca_river_estuary;12502;4395;x
nghe_ann;ca_river_estuary;12509;4380;x
caxitlan;coahuayana_delta;2964;4387;x
badi;suakin_archipelago;9429;4359;x
puctlan;sontecomapan_lagoon;3332;4390;x
xicallanco;xicalango_point;3511;4382;x
chacchoben;xcalak_point;3689;4361;x
bakhalal;xcalak_point;3680;4386;x
anegada;bay_san_juan;4759;4382;x
tlacotlalpan;sontecomapan_lagoon;3340;4386;x
tozlan;sontecomapan_lagoon;3357;4385;x
thandwe;ramree_island;11981;4372;x
nouakchott;nouakchott_coast;6959;4360;x
yande;yingge_cape;12642;4370;x
coahuayana;coahuayana_delta;2975;4372;x
guacayakima;gravois_point;4324;4351;x
cupilco;mecoacan_lagoon;3457;4370;x
chactemal;xcalak_point;3673;4372;x
malukkit;cape_bojeador;13194;4378;x
lal_lo;iligan_point;13254;4343;x
atzaccan;coatzacoalcos_bay;3381;4365;x
yaguana;gonave_channel;4375;4370;x
lingshui;lingshui_bay;12701;4365;x
oristan;negril_point;4132;4354;x
haniguayagua;gravois_point;4354;4355;x
ayamaco;mona_passage;4631;4367;x
janjira;indian_coast17;11011;4362;x
aguacadiba;montego_bay;4166;4372;x
arasibo;arecibo_port;4661;4373;x
guaynabo;arecibo_port;4682;4372;x
cayacoa;bay_santo_domingo;4519;4367;x
nhat_nam;hon_la_island;12534;4351;x
guaygata;jamaica_channel;4193;4366;x
azua;ocoa_bay;4469;4362;x
hicayagua;bay_santo_domingo;4545;4365;x
tonala_coatzacoalco;coatzacoalcos_bay;3417;4361;x
yuma;mona_passage;4569;4361;x
aparri;babuyan_channel;13230;4365;x
bani;ocoa_bay;4487;4356;x
nohmul;xcalak_point;3668;4365;x
colha;xcalak_point;3682;4356;x
ningyuan_wananjun;lingshui_bay;12675;4356;x
bigan;dile_point;13170;4328;x
maynoa;jamaica_channel;4213;4355;x
cayguani;ocoa_bay;4457;4356;x
guama;isla_caja_muertos;4642;4339;x
yaquimo;jacmel_cape;4408;4355;x
acayucan;coatzacoalcos_bay;3386;4355;x
coatzacoalco;coatzacoalcos_bay;3393;4354;x
gwa;nantha_kyun_island;11991;4334;x
baoruco;cape_beata;4437;4325;x
walichi;anegada_passage;4821;4342;x
al_shuqayq;asir_coast;9592;4336;x
chucutitlan;maruata_coast;3015;4347;x
vizianagaram;indian_coast55;11498;4345;x
guaraca;rincon_bay;4678;4340;x
anaya;long_bay;4158;4335;x
guaynia;rincon_bay;4666;4342;x
raigarh;indian_coast18;11014;4342;x
zacatollan;petacalco_bay;3051;4340;x
yaguabo;port_royal;4187;4334;x
phon_nha;hon_la_island;12538;4333;x
nafka;eritrean_coast;9472;4279;x
dabhol;indian_coast18;11020;4320;x
visakhapatnam;indian_coast54;11482;4323;x
altun_ha;xcalak_point;3676;4330;x
ixtapan;petacalco_bay;3063;4327;x
ayay;st_croix_coast;4744;4324;x
wadadli;goal_point;4880;4317;x
awlil;awlil_coast;6954;4305;x
vrddha_ratnapura;hon_la_island;12552;4307;x
cihuatlan;nuxco_lagoon;3090;4305;x
sabya;farasan_islands;9618;4297;x
mirbat;mirbat_bay;10191;4285;x
xunantunich;turneffe_atoll;3675;4312;x
tuni;indian_coast54;11458;4307;x
kandong;dile_point;13172;4312;x
liamuiga;goal_point;4842;4304;x
pathein;nantha_kyun_island;11989;4297;x
tzoite;turneffe_atoll;3675;4290;x
tagudin;lingayen_gulf;13172;4291;x
sittaung;gulf_martaban;12106;4290;x
pegu;gulf_martaban;12102;4298;x
santo_antao;ponta_do_sol;6548;4287;x
tecpan;acapulco_bay;3124;4288;x
pithapuram;indian_coast53;11438;4285;x
thanlyin;gulf_martaban;12095;4271;x
casiguran;cape_san_ildefonso;13249;4245;x
farasan;farasan_islands;9599;4270;x
dhufar;mirbat_bay;10159;4287;x
donwun;gulf_martaban;12113;4286;x
jazan;farasan_islands;9627;4283;x
rosso;senegal_river_mouth;6941;4262;x
raysut;mirbat_bay;10142;4280;x
yopitzinco;acapulco_bay;3144;4277;x
thaton;gulf_martaban;12115;4275;x
visnupura;perfume_river_estuary;12578;4276;x
agoo;lingayen_gulf;13166;4261;x
boa_vista;baia_da_parda;6654;4245;x
sao_nicolao;ponta_do_lizardo;6581;4271;x
al_khosuf;farasan_islands;9635;4268;x
rajapur;indian_coast20;11035;4232;x
campin;amatique_bay;3666;4255;x
ngaputaw;ngayoke_bay;11980;4252;x
pallakolu;indian_coast52;11415;4250;x
tecoanapa;chantengo_lagoon;3177;4265;x
amarendrapura;perfume_river_estuary;12600;4257;x
khalfut;dharbat_ali_cape;10089;4258;x
martaban;gulf_martaban;12126;4254;x
ometepec;chantengo_lagoon;3198;4256;x
dala;eastern_irrawaddy_delta;12063;4245;x
papayeca;honduras_cape;3775;4233;x
carucairi;flitches_creek_bay;4897;4243;x
mawlamyine;mon_coast;12134;4228;x
harad_asir;farasan_islands;9638;4250;x
bolinao;dasol_bay;13144;4226;x
tehuantepec;tehuantepec_isthmus;3370;4246;x
zanatepec;tehuantepec_isthmus;3388;4241;x
olanchito;honduras_cape;3737;4238;x
massawa;massawa_channel;9482;4227;x
masulipatnam;indian_coast52;11389;4239;x
jicayan;corralero_lagoon;3216;4244;x
paliac;amatique_bay;3650;4237;x
ndar;senegal_river_mouth;6938;4232;x
dien_ban;perfume_river_estuary;12616;4239;x
tututepec;corralero_lagoon;3234;4234;x
al_hirda;kamaran_islands;9639;4229;x
maubin;eastern_irrawaddy_delta;12043;4224;x
binalatongan;lingayen_gulf;13167;4236;x
myaungmya;western_irrawaddy_delta;11999;4223;x
baler;cape_san_ildefonso;13229;4229;x
huamelula;huamelula_coast;3341;4228;x
dahlak;massawa_channel;9511;4221;x
tonala_chiapas;tonala_coast;3448;4202;x
pech;brus_lagoon;3839;4224;x
toquegua;amatique_bay;3665;4225;x
manialtepec;comata_cape;3263;4225;x
pusilha;amatique_bay;3644;4227;x
sico;limon_coast;3807;4226;x
ticamaya;amatique_bay;3705;4223;x
naco;amatique_bay;3687;4222;x
nito;amatique_bay;3652;4222;x
peddapalli;indian_coast51;11362;4223;x
tonameca;comata_cape;3279;4217;x
cuauhtolco;huatulco_bays;3309;4212;x
tawahka;caratasca_lagoon;3869;4207;x
al_luhayyah;kamaran_islands;9635;4209;x
motupalli;indian_coast51;11345;4207;x
simhapura;an_vinh_island;12628;4219;x
tivaouane;senegal_coast;6930;4205;x
ye;mon_coast;12139;4196;x
qishn;qishn_bay;10055;4203;x
goa;indian_coast20;11046;4211;x
indrapura;an_vinh_island;12636;4206;x
chinda;amatique_bay;3677;4216;x
waitu_kubuli;dominica_coast;4894;4197;x
botolan;cape_botolan;13152;4188;x
zula;massawa_channel;9499;4194;x
buri;bay_aqiq;9527;4180;x
madgaon;indian_coast21;11056;4184;x
ahuya_yari;caratasca_lagoon;3879;4194;x
as_salif;yemenite_coast;9641;4181;x
amaravati;an_vinh_island;12649;4185;x
khayrij;mahrah_coast;10005;4179;x
binangonan;dingalan_bay;13225;4177;x
santiago;ponta_grande;6616;4188;x
kandakura;indian_coast51;11338;4189;x
saipan;noos_coast;14318;4182;x
beer_dun;cape_verd;6901;4166;x
huehuetan;tapachollan_coast;3481;4161;x
fogo;ponta_das_bicudas;6575;4167;x
pulilu;dingalan_bay;13244;4169;x
kavali;indian_coast49;11339;4164;x
hubek;manila_bay;13170;4152;x
awastara;pahara_lagoon;3904;4135;x
al_shihr;sharmah_cape;9961;4164;x
hudaida;yemenite_coast;9645;4164;x
iguanacaera;martinique_passage;4920;4159;x
karwar;indian_coast21;11064;4165;x
bong_son;hoc_mo_cape;12658;4152;x
edd;coast_danakil;9582;4132;x
tondo;manila_bay;13191;4160;x
portudal;cape_verd;6909;4152;x
al_mukalla;al_kalb_cape;9923;4141;x
tavoy;moscos_islands;12154;4124;x
al_ghulayfiqah;yemenite_coast;9648;4149;x
honnavara;indian_coast22;11077;4140;x
maynila;manila_bay;13186;4138;x
nellore;indian_coast49;11342;4143;x
pakil;lamon_bay;13240;4130;x
kakol_kiej;kakol_kiej_coast;3514;4129;x
binawangan;lamon_bay;13260;4134;x
zabid;zuqar_island;9641;4115;x
joal;petit_cote;6924;4127;x
gudur;indian_coast49;11340;4129;x
vijaya;hoc_mo_cape;12664;4123;x
birali;al_kalb_cape;9909;4122;x
daet;ragay_gulf;13282;4102;x
north_andaman;austen_harbour;11922;4064;x
bhatkal;indian_coast22;11082;4119;x
hewanorra;saint_lucia_channel;4911;4116;x
vidak;lagonay_gulf;13346;4095;x
naga_bikol;san_miguel_bay;13315;4117;x
itzcuintlan;itzcuintlan_coast;3552;4114;x
balhaf;al_ushaydah_cape;9871;4118;x
kalilayan;lamon_bay;13248;4118;x
durgarazpatnam;indian_coast65;11346;4108;x
albreda;gambia_river_mouth;6939;4088;x
kumintang;tayabas_bay;13197;4104;x
tayabas;tayabas_bay;13224;4111;x
guazacapan;itzcuintlan_coast;3577;4110;x
hays;zuqar_island;9659;4107;x
karawala;wounta_lagoon;3888;4082;x
mamburao;mindoro_strait;13178;4075;x
thayetchaung;northern_mergui_archipelago;12169;4090;x
ahwar;abyan_coast;9832;4094;x
mulanay;ragay_gulf;13265;4087;x
itzalku;cobanos_coast;3600;4097;x
bayul;zuqar_island;9619;4090;x
ha_va_nguon;thi_nai_lagoon;12668;4088;x
guahan;pago_bay;14283;4087;x
udupi;indian_coast23;11090;4084;x
al_mukha;zuqar_island;9659;4089;x
pazhaverkadu;indian_coast65;11349;4086;x
malindig;tayabas_bay;13235;4086;x
sawangan;lagonay_gulf;13334;4081;x
chalchuapa;cobanos_coast;3617;4090;x
ayodhya;bight_ayodhya;12264;4090;x
kalapang;tayabas_bay;13205;4088;x
sine_ngayene;gambia_river_mouth;6979;4090;x
dong_lakhon;bight_ayodhya;12280;4090;x
kuskatan;cobanos_coast;3629;4088;x
gambia;gambia_river_mouth;6925;4079;x
nacaome;fonseca_bay;3700;4083;x
tankular;gambia_river_mouth;6979;4090;x
chaisri;bight_ayodhya;12248;4087;x
juffure;gambia_river_mouth;6954;4087;x
queiquin;fonseca_bay;3692;4076;x
shuqra;saylan_cape;9784;4085;x
phanat;bight_ayodhya;12284;4083;x
bintang;gambia_river_mouth;6949;4082;x
youloumain;the_grenadines;4907;4066;x
ratchaburi;bight_ayodhya;12244;4082;x
choluteca;fonseca_bay;3710;4073;x
ichirouganaim;barbados_coast;4984;4077;x
nonualco;jiquilisco_bay;3644;4080;x
zinjibar;saylan_cape;9762;4071;x
phetchaburi;bight_ayodhya;12246;4062;x
usulutan;jiquilisco_bay;3659;4075;x
rayong;bight_ayodhya;12282;4062;x
mergui;central_mergui_archipelago;12164;4006;x
assab;bab_el_mandeb;9645;4057;x
madras;indian_coast48;11345;4053;x
aryaru;thi_nai_lagoon;12672;4063;x
basud;tayabas_bay;13223;4062;x
matandang_nayon;san_bernandino_strait;13315;4044;x
ibalong;san_bernandino_strait;13327;4053;x
tezoatega;fonseca_bay;3709;4051;x
mangalore;indian_coast23;11094;4064;x
adan;marshaq_cape;9737;4052;x
al_mandab;bab_el_mandeb;9669;4050;x
guaxenicos;fonseca_bay;3714;4063;x
parpagoha;sibuyan_sea;13263;4031;x
diaboudior;gambia_river_mouth;6925;4052;x
kukra;pearl_lagoon;3883;4030;x
mangarin;tablas_bay;13214;4013;x
al_mafalis;marshaq_cape;9719;4051;x
kauthara;van_phong_bay;12664;4022;x
kasaragod;indian_coast24;11104;4033;x
rahayta;bab_el_mandeb;9660;4041;x
qulensya;abdalkuri_coast;10125;4047;x
hadibu;shuub_cape;10158;4028;x
muang_khuan_kra_buri;koh_chang_island;12327;4042;x
catarman;san_bernandino_strait;13346;4032;x
makarato;gamay_bay;13401;4025;x
arubeira;aruba_coast;4508;4041;x
al_arah;bab_el_mandeb;9696;4041;x
casamance;cape_skiring;6933;4025;x
masbate;visayan_sea;13320;4009;x
kamahuya;grenada_coast;4883;4022;x
mueng_thung_yai;koh_chang_island;12351;4017;x
ichitki;manaure_bay;4416;4021;x
sutiapan;poneloya_coast;3730;4027;x
maduranthakam;indian_coast48;11338;4029;x
curacaute;cumarebo_coast;4547;4018;x
obock;gulf_tadjoura;9666;4007;x
muang_na_rang;prachuap_bay;12229;3983;x
buriari;bonaire_coast;4585;4024;x
busuanga;cuyo_west_passage;13158;3997;x
south_andaman;woodmason_bay;11911;3979;x
nagarando;poneloya_coast;3742;4013;x
cacheu;geba_estuary;6960;4003;x
tinago;samar_sea;13368;4004;x
paraguana;cosinetas_bay;4495;3994;x
pondicherry;indian_coast47;11328;4010;x
kannur;indian_coast25;11118;4004;x
koh_kong;koh_kong_island;12375;3986;x
bissau;geba_estuary;6981;3999;x
bafata;geba_estuary;7007;4007;x
alula;guardafui_channel;10026;3995;x
rio_grande;geba_estuary;6989;3984;x
aklan;tablas_bay;13242;3994;x
borongan;matarinao_bay;13406;3981;x
tadjoura;gulf_tadjoura;9640;3993;x
diria;poneloya_coast;3753;3995;x
parangipettai;indian_coast47;11323;3987;x
mairete;samar_sea;13353;3982;x
suchiimma;camarones_mouth;4374;3987;x
thalassery;indian_coast25;11130;3987;x
kawthaung;southern_mergui_archipelago;12166;3939;x
basey;samar_sea;13376;3986;x
bikini_atoll;bikini_coast_1;15216;3983;x
panduranga;van_phong_bay;12658;3983;x
enewetak_atoll;enewetak_coast;15081;3985;x
ulwas;monkey_point;3883;3985;x
qandala;aantaara_point;9967;3983;x
ali_sabieh;gulf_tadjoura;9646;3987;x
batan;visayan_sea;13292;3983;x
coro;cosinetas_bay;4502;3979;x
bissagos;geba_estuary;6961;3975;x
rama;monkey_point;3879;3981;x
cuauhcapolca;papagayo_bay;3777;3971;x
rongelap_atoll;rongelap_coast;15276;3978;x
malandog;panay_gulf;13239;3940;x
tucanca;tucanca_coast;4567;3972;x
zeila;gulf_tadjoura;9672;3968;x
bargaal;guardafui_channel;10018;3969;x
bosaso;aantaara_point;9942;3974;x
rongerik_atoll;rongelap_coast;15312;3979;x
kozhikode;indian_coast26;11140;3964;x
taytay;cuyo_west_passage;13140;3953;x
kankabatok;leyte_gulf;13384;3953;x
taka_atoll;bikar_coast_1;15416;3969;x
alubera;tobago_coast;4934;3973;x
karaikal;indian_coast46;11328;3957;x
chayrama;santa_maria_bay;4312;3958;x
araut;visayan_sea;13292;3960;x
el_ayum;cape_cadcadde;9907;3972;x
yaharo;camarones_mouth;4344;3969;x
capatarida;cabimas_coast;4450;3955;x
kampong_saom;bay_kampong_son;12398;3945;x
kangdaya;bohol_strait;13351;3938;x
las_khorey;cape_cadcadde;9883;3962;x
maydh;cape_surud;9845;3962;x
camp_po_thit;phan_thiet_bay;12624;3951;x
paraguachoa;margarita_island;4776;3956;x
rio_nunez;rio_nunez_mouth;7012;3950;x
kavaratti_atoll;amini_coast;10990;3940;x
chumphon;chumphon_bay;12212;3930;x
orosi;papagayo_bay;3786;3950;x
ponnani;indian_coast26;11144;3948;x
mocana;galerazamba_coast;4275;3951;x
kamach;santa_maria_bay;4300;3949;x
bago_negros;visayan_sea;13304;3952;x
marakaaya;cabimas_coast;4430;3940;x
uxarraci;tortuguero_coast;3891;3927;x
ruguda;khansiir_cape;9805;3937;x
ras_hafun;cape_hafun;10022;3930;x
el_darad;khansiir_cape;9779;3945;x
cairiani;paria_gulf;4887;3912;x
el_sheikh;coast_adal;9697;3933;x
cabimas;maracaibo_lake;4447;3900;x
limasawa;leyte_gulf;13412;3906;x
nagapattinam;indian_coast46;11328;3930;x
pangasugan;leyte_gulf;13381;3917;x
bal_cattinon;ganh_rai_bay;12595;3931;x
karu_pana;paria_gulf;4854;3927;x
boke;cape_verga;7037;3909;x
irong_irong;panay_gulf;13266;3930;x
siyara;coast_adal;9752;3932;x
calamari;cartagena_bay;4254;3922;x
araya;araya_point;4775;3929;x
thrissur;indian_coast26;11150;3928;x
yaracuy;triste_gulf;4585;3932;x
caracas;caracas_coast;4657;3934;x
nekokiaw;blanco_cape;3796;3890;x
peam;rach_gia_bay;12430;3915;x
babuyan;treacherous_bay;13098;3906;x
singhapala;tanon_strait;13306;3890;x
nirgua;triste_gulf;4588;3927;x
aragua;triste_gulf;4607;3927;x
binalbagan;panay_gulf;13281;3913;x
turuepano;paria_gulf;4843;3911;x
ailuk_atoll;taka_coast_1;15422;3919;x
cumana;araya_point;4766;3922;x
berbera;coast_adal;9725;3921;x
chan_bo;ganh_rai_bay;12565;3920;x
kodungallur;indian_coast27;11155;3914;x
kampong_roessei;ganh_rai_bay;12553;3903;x
pattukkottai;indian_coast35;11303;3912;x
tariaca;tortuguero_coast;3906;3903;x
prasong;bandon_bay;12206;3890;x
or_keo;rach_gia_bay;12463;3904;x
perija;maracaibo_lake;4413;3894;x
garabito;nicoya_gulf;3827;3897;x
cumanagoto;araya_point;4736;3904;x
kochi;indian_coast27;11159;3900;x
talibon;bohol_strait;13347;3908;x
bool;bohol_sea;13326;3871;x
rio_pongo;cape_verga;7054;3895;x
ko_samui;bandon_bay;12242;3881;x
thondi;indian_coast35;11293;3888;x
ulithi_atoll;soliep_coast;14056;3891;x
tucupita;paria_gulf;4868;3896;x
likiep_atoll;likiep_coast;15382;3894;x
kramuon_sa;rach_gia_bay;12468;3891;x
ilog;tolong_bay;13266;3872;x
kraburi;kra_buri;12173;3879;x
one;morrosquillo_gulf;4247;3886;x
bandarbeyla;cape_machar;10006;3872;x
kabeka;caribaro_bay;3918;3887;x
tanjay;tanon_strait;13298;3879;x
prakkad;indian_coast27;11163;3879;x
iles_de_los;sangareya_bay;7071;3872;x
jaffna;indian_coast34;11337;3872;x
surigao;leyte_gulf;13409;3880;x
phsar_dek;north_mekong_delta;12540;3873;x
pacaca;nicoya_gulf;3841;3872;x
aborlan;treacherous_bay;13070;3869;x
dererri;caribaro_bay;3928;3879;x
yap;gagil_coast;13975;3876;x
chuchures;limon_bay;4054;3864;x
sinu;morrosquillo_gulf;4235;3866;x
jauregui;maracaibo_lake;4419;3869;x
cabadbaran;butuan_bay;13401;3861;x
pocorosa;guna_yala_coast;4125;3862;x
wotje_atoll;wotje_coast_1;15432;3873;x
terbi;caribaro_bay;3943;3866;x
toek_khmau;u_minh_coast;12460;3848;x
ramesvaram;indian_coast32;11291;3855;x
chaiya;bandon_bay;12210;3862;x
arapuey;maracaibo_lake;4451;3857;x
orinucu;grande_mouth;4922;3838;x
quepos;nicoya_gulf;3863;3862;x
mullaitivu;indian_coast44;11371;3858;x
srok_khleang;north_mekong_delta;12523;3860;x
kwajalein_atoll;wotje_coast_2;15327;3848;x
cantilan;cauit_point;13436;3854;x
caribaro;caribaro_bay;3954;3850;x
yukpa;maracaibo_lake;4426;3854;x
sichon;talumpuk_cape;12241;3839;x
kollam;indian_coast28;11174;3839;x
erikub_atoll;wotje_coast_2;15426;3847;x
boruca;coronado_bay;3883;3842;x
scarcies;sangareya_bay;7084;3847;x
pouthi_loeu;south_mekong_delta;12489;3839;x
hingoog;butuan_bay;13381;3840;x
car_nicobar;inner_nicobar_channel;11932;3806;x
takua_pa;kra_buri;12163;3836;x
ujae_atoll;lae_coast;15237;3844;x
tha_tong;bandon_bay;12216;3855;x
cubiga;calovebora_coast;4022;3847;x
vembar;indian_coast32;11268;3848;x
mahatittha;indian_coast33;11328;3834;x
balabak;balabac_strait;13037;3813;x
careta;darien_gulf;4156;3835;x
upper_sinu;darien_gulf;4212;3836;x
chama_venezuela;maracaibo_lake;4433;3846;x
thoothukudi;indian_coast32;11253;3840;x
butuan;butuan_bay;13401;3843;x
panama;panama_gulf;4067;3835;x
chepo;panama_gulf;4100;3833;x
veragua;calovebora_coast;3994;3832;x
trincomalee;indian_coast43;11392;3817;x
maloelap_atoll;aur_coast;15474;3820;x
langan;lianga_bay;13438;3819;x
bunce_island;yawri_bay;7088;3822;x
coctu;pavon_bay;3898;3819;x
barbacadle;coast_punt;9975;3800;x
necocli;darien_gulf;4196;3809;x
dapitan;sindangan_bay;13304;3821;x
himologan;bigan_gulf;13368;3819;x
kayal;indian_coast31;11246;3810;x
guayana;grande_mouth;4956;3820;x
initao;bigan_gulf;13347;3810;x
comogre;san_miguel_gulf;4124;3810;x
thiruvananthapuram;indian_coast29;11194;3809;x
burica;pavon_bay;3910;3803;x
banana_islands;yawri_bay;7089;3803;x
salavata;indian_coast36;11320;3784;x
thammarat;talumpuk_cape;12254;3811;x
acanti;darien_gulf;4186;3803;x
panaon;bigan_gulf;13330;3800;x
chiru;parita_gulf;4044;3806;x
chochama;san_miguel_gulf;4126;3800;x
sindangan;sindangan_bay;13283;3796;x
waini;guayana_coast;4998;3791;x
aur_atoll;aur_coast;15472;3801;x
krabi;phang_nga_bay;12195;3780;x
bislig;lianga_bay;13448;3798;x
chiriqui;chiriqui_gulf;3937;3801;x
huista;chiriqui_gulf;3958;3797;x
nata;parita_gulf;4029;3798;x
madakalapu;indian_coast42;11411;3773;x
namu_atoll;namu_coast_2;15343;3784;x
kanyakumari;indian_coast30;11217;3791;x
thalang;phang_nga_bay;12176;3786;x
tukuran;moro_gulf;13317;3776;x
escoria;parita_gulf;4029;3790;x
siocon;coronado_point;13253;3783;x
shenge;sherbro_coast;7108;3773;x
parita;mala_point;4032;3748;x
mardelong;songkhla_coast;12261;3776;x
tauraba;montijo_gulf;3985;3768;x
murri;darien_gulf;4193;3783;x
cateel;cateel_bay;13453;3769;x
sibugay;sibuguey_bay;13291;3759;x
malabang;moro_gulf;13335;3766;x
samboangan;sibuguey_bay;13258;3744;x
sherbro_island;sherbro_coast;7116;3757;x
trang;langkawi_archipelago;12222;3742;x
belau;namai_bay;13820;3761;x
curiche;pinas_bay;4146;3743;x
garacad;ilig_cape;9943;3737;x
ailinglaplap_atoll;aur_coast;15375;3761;x
negombo;indian_coast37;11325;3739;x
satingpura;songkhla_coast;12266;3754;x
woleai_atoll;faraulep_coast_2;14264;3750;x
digavapi;indian_coast41;11418;3725;x
nicobar;inner_sombrero_channel;11954;3738;x
poluwat_atoll;pulap_coast_2;14488;3754;x
kuta_watu;moro_gulf;13342;3745;x
caraga;mayo_bay;13441;3719;x
chuuk;pulap_coast_2;14587;3752;x
sibumbong;paitan_bay;13025;3741;x
mansaka;tagloc_gulf;13419;3744;x
ata_mindanao;tagloc_gulf;13414;3747;x
arno_atoll;arno_coast;15511;3738;x
majuro_atoll;aur_coast;15481;3743;x
galinhas;cape_mount_coast;7145;3742;x
tagloc;tagloc_gulf;13412;3733;x
singgora;ta_chee_cape;12279;3732;x
mano;cape_mount_coast;7161;3730;x
thiladhunmathi_atoll;raa_coast;11016;3683;x
perlis;langkawi_archipelago;12230;3708;x
pulusuk_atoll;elgin_coast;14479;3725;x
kudat;paitan_bay;13011;3721;x
kalamansig;malatuna_point;13338;3696;x
essequibo;essequibo_mouth;5027;3720;x
kota_marudu;paitan_bay;13018;3724;x
kotte;indian_coast37;11327;3716;x
pattani;ta_chee_cape;12301;3727;x
cape_mount;cape_mount_coast;7176;3717;x
pohnpei;ant_coast;14896;3717;x
kalagan;tagloc_gulf;13405;3708;x
demerara;essequibo_mouth;5054;3718;x
sugut;paitan_bay;13043;3708;x
lamitan;basilan_strait;13239;3714;x
api_api;kimanis_bay;12972;3675;x
ikosi;lagos_lagoon;7856;3699;x
menara;kelantan_coast;12329;3701;x
saint_paul_river;cape_mesurado;7192;3704;x
ikorundu;lagos_lagoon;7853;3706;x
eko;lagos_lagoon;7838;3698;x
hobyo;mudug_coast;9919;3672;x
tissamaharama;indian_coast40;11406;3698;x
maimbung;pangutaran_group;13192;3676;x
galle;indian_coast38;11337;3683;x
epe;lekki_lagoon;7884;3696;x
mesurado;cape_mesurado;7205;3688;x
ajase;lagos_lagoon;7816;3696;x
berbice;demerara_coast;5086;3688;x
ardra;bouche_du_roy;7794;3694;x
mahin;lekki_lagoon;7905;3685;x
hambantota;indian_coast40;11392;3686;x
jaluit_atoll;jaluit_coast_2;15412;3682;x
glexwe;bouche_du_roy;7777;3691;x
bojaya;cupica_gulf;4166;3684;x
kelantan;kelantan_coast;12343;3690;x
mili_atoll;mili_coast;15515;3678;x
hulagan;bouche_du_roy;7767;3689;x
kedah;kedah_coast;12257;3675;x
sarangani;sarangani_strait;13403;3657;x
anecho;cape_saint_paul;7747;3682;x
sandakan;paitan_bay;13051;3678;x
junk_river;cestos_point;7225;3677;x
makar;sarangani_bay;13387;3674;x
devanagara;indian_coast39;11364;3673;x
paramaribo;paramaribo_mouth;5187;3679;x
neekeari;demerara_coast;5101;3678;x
keta;cape_saint_paul;7734;3665;x
baudo;tribuga_gulf;4168;3656;x
ughoton;forcados_river_mouth;7923;3659;x
ndyuka;maroni_mouth;5228;3670;x
bassa;cestos_point;7238;3662;x
bandar_aceh;malacca_passage;12030;3663;x
kinabatangan;sandakan_harbour;13081;3666;x
witagron;coppename_mouth;5145;3668;x
trengganu;north_terangganu_coast;12372;3656;x
bujang;kedah_coast;12259;3646;x
iaremappo;iaremappo_coast;5268;3649;x
akropong;accra_point;7707;3663;x
accra;accra_point;7685;3652;x
padas;brunei_bay;12942;3636;x
satawan_atoll;moch_coast;14684;3649;x
forcados;forcados_river_mouth;7933;3639;x
cestos;cestos_point;7250;3650;x
sigli;malacca_passage;12056;3650;x
lahad_datu;lahad_latu_bay;13100;3620;x
kosrae;kosrae_coast;15105;3642;x
dungun;south_terangganu_coast;12395;3622;x
daya;cape_dahway;12029;3625;x
winneba;apa_lagoon;7656;3635;x
bongao;tapul_group;13151;3621;x
kourou;iaremappo_coast;5290;3637;x
assinie;aby_lagoon;7541;3628;x
cess;bloobarra_point;7272;3626;x
choco;docampado_coast;4170;3602;x
semerlanga;cape_rajah;12085;3634;x
pasai;cape_rajah;12114;3633;x
grand_bassam;ebrie_lagoon;7509;3634;x
peureulak;cape_tamiang;12148;3616;x
cosrou;ebrie_lagoon;7484;3630;x
cabo_corso;apa_lagoon;7635;3627;x
cayenne;buzare_point;5306;3620;x
beruas;perak_coast;12268;3599;x
grand_lahou;bandama_river_mouth;7454;3627;x
harardhere;cabdi_cape;9885;3611;x
fresco;bandama_river_mouth;7430;3623;x
apollonia;aby_lagoon;7565;3621;x
berune;brunei_bay;12929;3620;x
anomansah;cape_three_points;7612;3616;x
male_atoll;male_coast;11029;3566;x
sassandra;sassandra_river_mouth;7402;3612;x
axim;cape_three_points;7592;3610;x
settra_kru;cess_point;7304;3605;x
tutong;brunei_bay;12908;3611;x
tong_talun;lahad_latu_bay;13085;3604;x
cabo_formoso;west_niger_mouth;7951;3595;x
calabar;cross_river_mouth;8076;3605;x
eket;cross_river_mouth;8058;3595;x
natuna_islands;natuna_archipelago1;12612;3574;x
san_pedro;sassandra_river_mouth;7379;3602;x
paka;south_terangganu_coast;12402;3598;x
rio_del_rey;cape_debundsha;8095;3591;x
calang;rigah_bay;12048;3594;x
new_calabar;east_niger_mouth;8010;3593;x
tabou;cape_palmas;7338;3586;x
bonny;east_niger_mouth;8017;3591;x
tamiang;cape_tamiang;12162;3594;x
karakaralong_islands;marumung_bay;13459;3574;x
niah;cape_payong;12864;3563;x
nembe;east_niger_mouth;7995;3584;x
sonso;malaga_bay;4174;3556;x
brass;east_niger_mouth;7978;3582;x
tawau;cowie_bay;13056;3578;x
meulaboh;rigah_bay;12064;3576;x
manjung;perak_coast;12275;3568;x
palikur;approuage_mouth;5341;3577;x
bimbia;cape_debundsha;8114;3563;x
kuantan;pahang_coast;12398;3558;x
sebuku;cowie_bay;13043;3568;x
kota_rentang;aru_bay;12172;3570;x
cameroons;cape_debundsha;8131;3559;x
mareeg;mareeg_coast;9851;3559;x
tabuaeran;tabuaeran_coast;442;3563;x
susoh;cape_radja;12088;3551;x
sesayap;cowie_bay;13053;3559;x
deli;aru_bay;12186;3556;x
klang;outer_strait_malacca;12301;3520;x
fernando_po;cape_debundsha;8097;3544;x
barulo;cape_payong;12849;3545;x
tabukan;tagulandang_strait;13402;3542;x
perbaungan;aru_bay;12202;3545;x
tapaktuan;cape_radja;12109;3533;x
tarakan;sesayap_delta;13048;3533;x
fifinda;punta_de_campo;8142;3511;x
pahang;tioman_island;12401;3515;x
anambas_islands;riau_archipelago2;12517;3515;x
butaritari_atoll;makin_coast;15558;3525;x
micay;malaga_bay;4160;3522;x
warsheikh;cadde_cape;9793;3487;x
nilandhe_atoll;nilandhe_coast;11023;3488;x
asahan;cape_bangsi;12229;3524;x
tanjung_balai;cape_bangsi;12240;3512;x
tatau;cape_kidurong;12824;3518;x
tanjung_palas;sesayap_delta;13051;3506;x
subi_islands;subi_archipelago1;12640;3504;x
singkil;cape_tua;12135;3492;x
mukah;cape_kidurong;12801;3511;x
ariste;maraca_island;5389;3467;x
simeulue;simalandan_bay;12068;3483;x
gelanggi;tioman_island;12416;3492;x
igan;cape_sink;12764;3497;x
timbiqui;timbiqui_bay;4145;3496;x
kualuh;cape_bangsi;12244;3501;x
kajang;outer_strait_malacca;12317;3490;x
pannai;outer_strait_malacca;12260;3484;x
bwambe;punta_de_campo;8138;3487;x
iscuande;timbiqui_bay;4122;3490;x
moro;morotai_strait;13532;3484;x
sungai_lati;sesayap_delta;13062;3482;x
sarikei;cape_sipang;12752;3463;x
malacca;inner_strait_malacca;12343;3467;x
bata;punta_mbonda;8136;3451;x
bagansiapipi;outer_strait_malacca;12287;3474;x
loloda;doi_island;13508;3461;x
barus;cape_tua;12154;3467;x
kubu_rokan;outer_strait_malacca;12270;3466;x
mogadishu;banaadir_coast;9756;3457;x
narino;tumaco_bay;4113;3455;x
dumai;inner_strait_malacca;12323;3444;x
sambaliung;berau_delta;13058;3453;x
santubong;cape_sipang;12703;3442;x
muar;inner_strait_malacca;12364;3449;x
kiritimati;kiritimati_coast;532;3448;x
abaiang_atoll;marakei_coast;15567;3450;x
sambas;cape_api;12665;3445;x
merca;banaadir_coast;9734;3443;x
sorkam;tapanuli_bay;12177;3441;x
tandang_sari;cape_sipang;12745;3440;x
johor_lama;western_singapore_strait;12396;3427;x
manado;amurang_bay;13371;3434;x
tumaco;tumaco_bay;4105;3447;x
daratan;kao_bay;13519;3425;x
sibolga;tapanuli_bay;12186;3428;x
sepinang;berau_delta;13083;3427;x
tarawa_atoll;marakei_coast;15570;3427;x
bengkalis;western_singapore_strait;12372;3389;x
samarahan;cape_sipang;12727;3435;x
maba_celebes;buli_bay;13534;3393;x
qoryooley;shabelle_coast;9715;3427;x
sebuyau;cape_sipang;12739;3432;x
wasilei;kao_bay;13523;3414;x
berato;gabon_coast;8121;3407;x
luaha;tapanuli_bay;12146;3406;x
buantan;inner_strait_malacca;12343;3421;x
temasek;western_singapore_strait;12412;3416;x
jailolo;mayi_island;13489;3416;x
barawa;shabelle_coast;9698;3409;x
toli_toli;dondo_bay;13183;3401;x
pailon;manglares_cape;4089;3410;x
araguari;amazonas_mouth;5392;3375;x
guamonial;cape_yombu;13234;3408;x
tanjungpinang;western_singapore_strait;12411;3394;x
amurang;amurang_bay;13351;3412;x
natal;inner_siberut_strait;12202;3373;x
belang;cape_flesko;13356;3371;x
siak;western_singapore_strait;12351;3396;x
monterado;sambas_estuary;12646;3394;x
maiana_atoll;aranauka_coast;15563;3390;x
seke_gabun;gabon_coast;8126;3394;x
atinggola;cape_yombu;13280;3398;x
atacames;atacames_cape;4046;3381;x
solimandungan;amurang_bay;13337;3398;x
addu_atoll;addu_coast;11029;3359;x
sandaran;south_makassar_strait;13094;3391;x
karangan;sangkulirang_bay;13060;3389;x
ternate;dadinga_bay;13495;3385;x
bengalon;sangkulirang_bay;13051;3383;x
tidore;dadinga_bay;13491;3361;x
pelalawan;western_singapore_strait;12380;3368;x
haranka;coast_jubaland;9664;3372;x
kuala_kampar;western_singapore_strait;12389;3374;x
mpongwe;gabon_coast;8119;3372;x
santa_cruz_islands;bucaneer_bay;3560;3340;x
nheengaiba;amazonas_mouth;5403;3361;x
pendau;south_makassar_strait;13146;3360;x
weda;weda_bay;13530;3367;x
mempawah;sambas_estuary;12648;3371;x
paguat;cape_panjang;13231;3373;x
abemama_atoll;abemama_coast;15610;3369;x
sangata;sangkulirang_bay;13042;3360;x
tomini;tomini_bay;13166;3365;x
boalemo;gorontalo_bay;13266;3373;x
gorontalo;gorontalo_bay;13289;3372;x
daik;indragiri_estuary;12449;3353;x
sao_tome;ponta_praiao;7997;3357;x
adyumba;cape_lopez;8113;3326;x
waigeo;bougainville_strait;13615;3331;x
jama;pasado_cape;4031;3333;x
pasaman;inner_siberut_strait;12223;3350;x
mandor;kapuas_delta;12658;3353;x
mazagao;santana_island;5349;3320;x
batu;inner_siberut_strait;12178;3344;x
isabela_island;elizabeth_bay;3531;3320;x
baru;indragiri_estuary;12412;3344;x
ogoowe_kongo;gabon_coast;8134;3355;x
jilib;mouth_jubba;9642;3343;x
gane;obi_strait;13516;3312;x
arua_amazon;amazonas_mouth;5384;3347;x
pontianak;kapuas_delta;12656;3338;x
ananatuba;amazonas_mouth;5402;3341;x
arari;maguary_point;5466;3336;x
kutai_lama;mahakam_delta;13043;3314;x
una_una;togian_archipelago;13247;3323;x
rengat;kaya_bay;12406;3319;x
pariaman;mentawai_strait1;12247;3313;x
parigi;poso_bay;13163;3303;x
amassing;obi_strait;13492;3311;x
marajoara;marajo_bay;5476;3286;x
kismayo;mouth_jubba;9625;3320;x
donggala;palu_bay;13139;3310;x
abun;abun_coast;13710;3326;x
kubu;kapuas_delta;12663;3313;x
santiago_islands;tortuga_bay;3594;3302;x
nonouti_atoll;autakena_spit;15621;3308;x
curumu;vieira_grande_bay;5378;3301;x
marapanim;maracana_bay;5534;3314;x
lingketeng;togian_archipelago;13267;3306;x
bulakan;peling_strait;13295;3295;x
caran;lorenzo_cape;4015;3296;x
biak;yapen_strait;13871;3292;x
meyah;bakaro_bay;13780;3308;x
tungkal;kaya_bay;12404;3304;x
moi;wamonket_cape;13673;3264;x
maden;dampier_strait;13652;3297;x
tojo;poso_bay;13210;3283;x
mariocai;fura_dos_araiolos;5341;3273;x
siberut;mentawai_strait1;12204;3272;x
padang;mentawai_strait1;12263;3276;x
rasini;giuba_island;9599;3281;x
muara_sabak;kaya_bay;12426;3293;x
jembayan;adang_bay;13016;3279;x
tupinamba;caete_bay;5582;3292;x
nguyi;ogoowe_coast;8097;3285;x
teluk_melano;sukadana_bay;12669;3277;x
managalang;cape_bonemanjing;13120;3269;x
hatam;dore_bay;13797;3284;x
mairi;marajo_bay;5484;3278;x
anajas;vieira_grande_bay;5388;3287;x
kaapor;turiacu_bay;5621;3269;x
tabiteuea_atoll;onotoa_coast;15646;3269;x
oiampi;fura_dos_araiolos;5332;3284;x
pixipixi;furo_santa_maria;5388;3253;x
poso;poso_bay;13184;3275;x
obi;obi_strait;13498;3273;x
sukadana;sukadana_bay;12696;3276;x
banggai;melilis_island;13314;3251;x
misool;kofiau_island;13592;3252;x
wayampi;fura_dos_araiolos;5319;3269;x
tuyuk;adang_bay;12997;3264;x
kururupu;cuma_bay;5659;3249;x
manta;lorenzo_cape;4014;3268;x
gori_gori;tolo_bay;13258;3261;x
mussau;holthusen_cape;14506;3269;x
berbak;sekanah_bay;12449;3255;x
sougb;dore_bay;13801;3267;x
samauma;marapata_bay;5462;3250;x
tanjungpura;sukadana_bay;12698;3257;x
kuruaya;fura_dos_araiolos;5315;3266;x
paru;fura_dos_araiolos;5297;3261;x
pangkalpinang;sekanah_bay;12500;3259;x
nisa;kurudu_strait;13939;3253;x
arandai;wamonket_cape;13697;3240;x
yapen;yapen_island;13889;3243;x
rembo;tassi_coast;8113;3243;x
taliabu;melilis_island;13351;3240;x
mori_celebes;tolo_bay;13222;3241;x
guancavilca;sumpa_point;4013;3230;x
pate;cape_kaambooni;9572;3238;x
paser;adang_bay;12993;3238;x
kwerba;mamberano_mouth;13995;3252;x
wamesa;mois_waar_island;13805;3236;x
onotoa_atoll;onotoa_coast;15679;3240;x
sanana;seram_sea;13419;3228;x
kota_kapur;bangka_strait;12506;3218;x
kurri_kurri;cape_belangbelang;13115;3231;x
inderapura;mentawai_strait2;12280;3226;x
pesaguan;cape_bawang;12702;3235;x
kwesten;kwesten_coast;14026;3235;x
lalan;bangka_strait;12465;3224;x
manus;lou_island;14383;3225;x
sipura;bungalaut_channel;12226;3220;x
lamu;pate_island;9556;3219;x
waropen;yapen_island;13910;3225;x
tapuitapera;sao_marcos_bay;5659;3192;x
kendawangan;cape_bawang;12703;3216;x
bungku;tolo_bay;13247;3201;x
mamudju;cape_belangbelang;13108;3209;x
guayaquil;huancavilca_gulf;4046;3207;x
igumbi_andele;sette_coast;8133;3209;x
yaguachi;huancavilca_gulf;4056;3223;x
musi_hilir;bangka_strait;12468;3220;x
anambe;marapata_bay;5438;3208;x
gresi;kamdera_coast;14075;3216;x
miritiba;sao_marcos_bay;5705;3210;x
buluranriding;bangka_strait;12493;3217;x
irarutu;bentuni_bay;13772;3213;x
lavongai;botiangin_cape;14522;3203;x
roon;mois_waar_island;13810;3206;x
upaon_acu;sao_marcos_bay;5675;3193;x
koba;gaspar_strait;12548;3198;x
sumuri;bentuni_bay;13740;3202;x
ungwana;pate_island;9542;3206;x
tapuios;preguicas_mouth;5757;3199;x
bangkalan_borneo;laut_strait;12989;3197;x
mukomuko;mentawai_strait2;12298;3199;x
chacayacu;huancavilca_gulf;4058;3201;x
pagai;mentawai_strait2;12260;3188;x
badau;balok_bay;12601;3175;x
kavieng;kapsu_point;14567;3198;x
mambrui;pate_island;9522;3193;x
awyi;yos_sudarso_bay;14102;3205;x
fas_papua;yos_sudarso_bay;14125;3199;x
malili;bone_bay;13199;3179;x
malangke;bone_bay;13177;3193;x
puna;huancavilca_gulf;4049;3189;x
lebonghitam;cape_kait;12521;3171;x
air_hitam;air_hitam_bay;12716;3185;x
igaracu;parnaiba_delta;5799;3189;x
bapunu;sette_coast;8150;3190;x
nunusaku;sawai_bay;13583;3195;x
tremembe;pedra_furada;5861;3193;x
sahulau;manipa_strait;13525;3177;x
machala;huancavilca_gulf;4051;3172;x
jenipaboacu;parnaiba_delta;5824;3190;x
kumai;kotawaringin_bay;12777;3185;x
kotawaringin_lama;kotawaringin_bay;12762;3185;x
huamual;manipa_strait;13510;3170;x
yaur;cenderawasih_bay;13830;3177;x
palopo;bone_bay;13167;3178;x
jelai;kotawaringin_bay;12738;3180;x
cantung;laut_strait;12982;3178;x
bula;waru_bay;13636;3175;x
olo;baudissan_point;14165;3178;x
kuot;djaul_island;14592;3170;x
kwilu;ndongo_coast;8168;3172;x
anace;almofala_coast;5901;3172;x
sampit;sampit_bay;12833;3169;x
kaimana;kamrau_bay;13782;3149;x
seruyan;cape_siamok;12797;3161;x
balanipa;mandar_bay;13118;3154;x
bara_buru;seram_sea;13439;3177;x
mendawai;sampit_bay;12847;3170;x
kayeli;manipa_strait;13477;3165;x
iresim;cenderawasih_bay;13855;3163;x
topos;kerbau_cape;12324;3161;x
kahayan_hilir;sampit_bay;12872;3156;x
malindi;mombasa_island;9518;3165;x
patpatar;djaul_island;14620;3150;x
sigam;sebuku_strait;12986;3139;x
latu;taluti_bay;13567;3161;x
luwu;bone_bay;13172;3155;x
sambandete;lasolo_bay;13259;3156;x
tifu;south_buru_coast;13440;3144;x
baham;sebakor_bay;13735;3148;x
boiken;kairiru_island;14226;3156;x
werinama;taluti_bay;13610;3154;x
bukiyip;kairiru_island;14207;3164;x
gedi;mombasa_island;9509;3149;x
nyanga;ndongo_coast;8179;3154;x
tapeba;praia_mansa;5926;3151;x
lumpur;cape_kait;12511;3154;x
banjar;cape_selatan;12897;3155;x
tumbes;tumpi_coast;4011;3137;x
buruwai;kamrau_bay;13768;3146;x
saparua;ambon_bay;13546;3147;x
hitu;ambon_bay;13522;3141;x
pagatan;cape_kandanghaur;12962;3144;x
bungi;mandar_bay;13128;3141;x
kendari;lasolo_bay;13283;3125;x
pelaihari;cape_kandanghaur;12934;3129;x
bengkulu;kerbau_cape;12345;3137;x
mesuji;tulangbawang_estuary;12512;3126;x
angoram;vokeo_island;14253;3141;x
pitaguari;praia_mansa;5942;3140;x
sette;gamba_coast;8198;3130;x
kolumba;mekkongo_bay;13219;3118;x
mombasa;mombasa_island;9502;3128;x
tangga;cape_sena;14650;3129;x
payaku;pontal_point;5961;3114;x
tosora;mekkongo_bay;13172;3119;x
sidenreng;mandar_bay;13132;3128;x
banda_island;gorong_islands;13673;3116;x
aruamu;girgir_cape;14289;3121;x
barru;mandar_bay;13135;3116;x
chira;paita_bay;3990;3095;x
massabo;mayumba_coast;8218;3106;x
baining;saint_george_channel;14627;3104;x
kandas;saint_george_channel;14638;3102;x
manna;manna_point;12380;3097;x
menggala;tulangbawang_estuary;12512;3104;x
yamur;kapara_mouth;13867;3099;x
siar;siar_cape;14659;3097;x
vumba_kuu;pemba_channel;9486;3094;x
barem;karkar_island;14319;3091;x
bone;mekkongo_bay;13172;3096;x
kalisusu;kalisusu_bay;13297;3080;x
andolo;buton_strait;13261;3100;x
monxoro;pontal_point;5979;3094;x
mayumba;mayumba_coast;8228;3088;x
karkar;karkar_island;14340;3089;x
taubonto;buton_strait;13239;3070;x
kotano_muna;buton_strait;13260;3074;x
melamela;stettin_bay;14581;3078;x
sukadana_lampung;jakarta_bay;12511;3064;x
sengkae;pabbiring_islands;13129;3080;x
kamoro;kamoro_coast;13916;3078;x
carteret_atoll;laverdy_cape;14769;3087;x
tanga;pemba_channel;9474;3068;x
ras_mkumbuu;pemba_channel;9497;3067;x
krui;krui_bay;12429;3047;x
nariguala;sec_hura_bay;4001;3053;x
buali;mayumba_coast;8236;3073;x
kaaysara;mel_point;6027;3069;x
butung;cape_permali;13285;3039;x
sempan;kamoro_coast;13944;3065;x
bola;stettin_bay;14539;3050;x
kol_papua;wide_bay;14609;3067;x
buka;matchin_bay;14725;3060;x
loango;mayumba_coast;8239;3067;x
amaimon;astrolabe_bay;14329;3059;x
gowa;western_selayar_strait;13136;3036;x
bantayan;eastern_selayar_strait;13173;3050;x
arop;vitiaz_strait;14394;3051;x
mengen_papua;jacquinot_bay;14592;3039;x
malemba;congo_river_coast;8245;3052;x
enggano;manna_point;12347;3055;x
ohoi_ewur;kai_archipelago;13732;3040;x
potiguara;pititinga_coast;6088;3040;x
wokam;aru_archipelago;13805;3037;x
pangani;pemba_channel;9469;3050;x
palas_pasemah;jakarta_bay;12510;3046;x
umboi;kulkul_island;14432;3038;x
asmat;pulau_river;13974;3033;x
rawa_papua;astrolabe_bay;14326;3048;x
tinputz;laverdy_cape;14747;3043;x
lamogai;kulkul_island;14455;3026;x
lampung;sunda_strait;12479;3031;x
kalianda;sunda_strait;12496;3027;x
awad_bing;astrolabe_bay;14346;3043;x
liwa_lampung;sunda_strait;12458;3040;x
cabinda_kongo;congo_river_coast;8249;3024;x
mkwaja;zanzibar_channel;9463;3032;x
nunura;sec_hura_bay;4003;3028;x
bawean;gresik_island;12815;3032;x
zanzibar;zanzibar_channel;9475;3012;x
buki;western_selayar_strait;13170;3008;x
jepara;cape_korowelang;12731;2994;x
rotokas;laverdy_cape;14760;3023;x
bannoni;mono_island;14755;2992;x
mamusi;jacquinot_bay;14573;3019;x
banten;jakarta_bay;12529;3020;x
sunda_kelapa;jakarta_bay;12556;3013;x
kate;kulkul_island;14415;3004;x
utondwe;zanzibar_channel;9461;3009;x
cibuaya;eretan_bay;12582;3014;x
kobroor;penambulai_island;13826;3000;x
mbanza_soyo;congo_river_coast;8255;3011;x
kaweinag;digul_mouth;13999;2976;x
kaulong;luwas_bay;14507;3001;x
trangan;cape_lelar;13808;2973;x
cimanuk;eretan_bay;12608;3002;x
naasioi;tolotapalo_point;14785;2996;x
pangguyangan;sunda_strait;12497;2985;x
xllang;nampajic_coast;4033;2988;x
bagamoyo;zanzibar_channel;9470;2991;x
paraiba;cabedello_point;6106;2960;x
cirebon;cirebon_bay;12637;2977;x
pati;cape_bendoh;12763;2981;x
vaghua;vella_gulf;14816;2969;x
soyo;lucata_coast;8268;2972;x
pakatnamu;nampajic_coast;4047;2978;x
dar_es_salaam;mafia_channel;9489;2951;x
yamdena;arafura_sea;13679;2955;x
demak;cape_korowelang;12722;2974;x
damar;damar_archipelago;13567;2964;x
bukawa;huon_gulf;14395;2975;x
tuban_java;cape_pangkah;12806;2970;x
wampar;huon_gulf;14382;2975;x
mono;vella_gulf;14786;2961;x
tegal;cirebon_bay;12657;2973;x
pekalongan;cape_korowelang;12687;2970;x
iwal;huon_gulf;14386;2955;x
sana;nampajic_coast;4056;2963;x
kangean;kangean_islands;12953;2961;x
semarang;cape_korowelang;12711;2968;x
sugeneb;cape_canding;12885;2956;x
bangkalan;cape_pangkah;12836;2970;x
cibadak;pelabuhan_ratu_bay;12532;2947;x
gresik;madura_strait;12819;2955;x
ambrizete;nzeto_coast;8279;2940;x
surabaya;madura_strait;12829;2943;x
yelmek;digul_mouth;14011;2943;x
caxanga;itamaraca_island;6106;2910;x
farfan;malabriga_bay;4071;2931;x
kisiju;mafia_channel;9482;2932;x
riantana;digul_mouth;14002;2943;x
nukufetau_atoll;vaitupu_coast;15812;2913;x
kandangwesi;pelabuhan_ratu_bay;12573;2933;x
suena;ward_hunt_cape;14410;2922;x
kimaama;pulau_witau_island;13990;2883;x
wetar;wetar_strait;13426;2910;x
sangliat_dol;outer_babar_coast;13663;2905;x
kerewo;urama_island;14265;2919;x
trowulan;madura_strait;12831;2929;x
kolombangara;vella_gulf;14835;2913;x
nsolu;nzeto_coast;8284;2923;x
pakembangan;madura_strait;12872;2925;x
marlew;bulaka_mouth;14018;2888;x
kisimani_mafia;mafia_channel;9502;2920;x
bajrajinaparamitapura;madura_strait;12845;2923;x
pangandaran;penanjung_bay;12621;2916;x
bagaluhan;southern_java_coast;12685;2916;x
babar;cape_olinder;13603;2913;x
purwalingga;penanjung_bay;12651;2918;x
namau;urama_island;14295;2915;x
ndom;salah_point;13957;2896;x
mitimiri;mafia_island;9482;2886;x
balambangan;bali_strait;12900;2878;x
ambriz;luanda_coast;8292;2902;x
chan_chan;salaverry_coast;4093;2897;x
binandere;ward_hunt_cape;14427;2906;x
kwaraae;manawai_harbour;15015;2880;x
mataram;southern_java_coast;12715;2901;x
roviana;vella_gulf;14851;2902;x
bamu;purutu_island;14233;2898;x
toaripi;petoi_point;14341;2895;x
julah;cape_canding;12918;2898;x
dompu;saleh_bay;13055;2885;x
larantuka;paluk_bay;13279;2872;x
leti;leti_archipelago;13518;2900;x
marind;dumande_coast;14074;2884;x
bima;sape_strait;13109;2888;x
bungabali;timor_strait;13350;2883;x
cheke_holo;iron_bottom_sound;14961;2880;x
lamakera;alor_strait;13316;2892;x
yapuata;mangue_point;6093;2862;x
suki;purutu_island;14172;2895;x
mussul;luanda_coast;8298;2889;x
pacitan;sumbreng_bay;12758;2890;x
melara;bali_strait;12915;2883;x
lombok;bali_strait;12969;2867;x
cibal;sumba_strait;13175;2860;x
sasak;alas_strait;12995;2862;x
tulungagung;sumbreng_bay;12784;2889;x
bajo_flores;sumba_strait;13141;2866;x
lumajang;grajagan_bay;12836;2888;x
sikka;pedang_bay;13247;2881;x
gogodala;purutu_island;14195;2887;x
bitur;purutu_island;14182;2890;x
sadeng;grajagan_bay;12854;2881;x
samprangan;bali_strait;12944;2868;x
tutuala;southern_timor_coast;13451;2857;x
malang;sumbreng_bay;12808;2884;x
sumbawa;saleh_bay;13047;2877;x
chao;salaverry_coast;4105;2873;x
marovo;cape_pitt;14867;2878;x
kilivila;fergusson_island;14572;2868;x
rendova;cape_pitt;14854;2872;x
funafuti_atoll;funafuti_coast_2;15847;2874;x
likusaen;wetar_strait;13425;2881;x
taliwang;alas_strait;13014;2847;x
ngada;paluk_bay;13211;2856;x
icalo;luanda_coast;8299;2874;x
orokaiva;dyke_ackland_bay;14451;2863;x
waima;redscar_bay;14362;2853;x
vangunu;cape_pitt;14877;2867;x
balibo;timor_strait;13371;2852;x
kilwa_kisiwani;mafia_island;9489;2863;x
kanum;dumande_coast;14094;2857;x
nuku_hiva;ua_huka_coast;1315;2863;x
luanda;luanda_coast;8290;2857;x
kwaio;indispensable_strait;15009;2847;x
tongareva;tongareva_coast;507;2852;x
muyua;kawaiapan_bay;14648;2850;x
nggela;iron_bottom_sound;14976;2848;x
huacatambo;ferrol_bay;4115;2840;x
baruga;dyke_ackland_bay;14471;2850;x
songo_mnara;kilwa_island;9498;2831;x
laran;southern_timor_coast;13413;2840;x
wipi;bobo_island;14201;2844;x
nukunonu_atoll;fakaofo_coast;16260;2840;x
bife;unji_point;14113;2839;x
karapoto;mundau_lagoon;6070;2820;x
koiali;ela_point;14393;2820;x
nambu;boigu_island;14152;2840;x
agob;boigu_island;14174;2837;x
lifau;timor_strait;13338;2834;x
nidula;goodenough_bay;14524;2829;x
badhu;boigu_island;14170;2820;x
ghari;marasa_bay;14955;2821;x
waingapo;sumba_strait;13157;2827;x
moratau;goodenough_bay;14540;2821;x
saa;manawai_harbour;15041;2827;x
al_khadra;aldabra_island2;9803;2824;x
mamboro;karosa_cape;13110;2812;x
calumbo;cape_ledo_coast;8290;2825;x
manchan;ferrol_bay;4121;2825;x
isatabu;indispensable_strait;15002;2820;x
maiwa_papua;goodenough_bay;14512;2807;x
nunkolo;siripinang_cape;13375;2810;x
huarmey;huallmi_coast;4129;2803;x
muxima;cape_ledo_coast;8293;2810;x
hiva_oa;mohotani_island;1363;2804;x
sinaugoro;ela_point;14406;2801;x
duau;sewataitai_bay;14568;2799;x
kariri;mundau_lagoon;6050;2791;x
lindi;ruvuma_bay;9506;2797;x
sumba;ngunju_cape;13158;2785;x
kupang;rote_strait;13306;2778;x
sombai;siripinang_cape;13358;2789;x
demba;quiteta_coast;8301;2791;x
paramonga;huallmi_coast;4136;2780;x
mikindani;ruvuma_bay;9525;2783;x
manubara;hood_bay;14436;2789;x
makira;indispensable_strait;15045;2781;x
daga_papua;orangerie_bay;14491;2777;x
suau;milne_bay;14555;2768;x
nendo;nendo_coast;15246;2761;x
labolo;quiteta_coast;8309;2771;x
sabu;outer_sawu_coast;13234;2760;x
arakaiu;sao_francisco_mouth;6006;2742;x
tungi;cabo_delgado;9536;2742;x
guamanmayo;salinas_point;4152;2750;x
yadhaigana;torres_strait;14166;2755;x
misima;tubula_point;14633;2758;x
amboim;gunza_coast;8317;2751;x
sumbis;gunza_coast;8320;2730;x
anggamudi;vrilya_point_shore;14159;2724;x
maung;minjilang_coast;13717;2726;x
chancay;salinas_point;4158;2722;x
tagula;tubula_point;14662;2722;x
yolngu;galiwin_ku_shore;13895;2684;x
tiwi;bathurst_shore;13626;2718;x
vanikoro;vanikoro_coast;15284;2711;x
yela;cape_siri;14710;2716;x
mu_ngava;mu_ngiki_coast_1;14986;2708;x
vamizi;cabo_delgado;9534;2712;x
ngazidja;njazidja_channel;9668;2708;x
chiprac;saint_lorenzo_island;4173;2709;x
egito;mbegela_coast;8318;2697;x
tjungundji;pennefather_river_coast;14150;2684;x
collique;saint_lorenzo_island;4177;2701;x
wuthathi;hannibal_reef_coast;14200;2690;x
sauipe;salvador_cape;5968;2666;x
somana;cabo_delgado;9536;2694;x
rimaq;saint_lorenzo_island;4179;2684;x
gunbalang;milingimbi_coast;13797;2689;x
burara;milingimbi_coast;13856;2680;x
irodo;antsiranana_bay;9948;2663;x
nakara;milingimbi_coast;13818;2684;x
mani_kikongo;mbegela_coast;8314;2680;x
nzwani;mwali_island;9690;2665;x
woolna;van_dieman_gulf;13684;2671;x
konbudj;van_dieman_gulf;13718;2677;x
larrakia;beagle_gulf;13643;2659;x
ishma;huarco_coast;4192;2667;x
kuukyuyau;kay_reef_shore;14213;2657;x
lobito;mbegela_coast;8307;2666;x
anguthimri;aurukun_coast;14143;2653;x
ibo;pemba_bay;9538;2661;x
ambilobe;ambaro_bay;9917;2635;x
chilca;huarco_coast;4197;2654;x
mbegela;mbegela_coast;8299;2653;x
maore;moheli_island;9751;2641;x
jiribatuba;all_saints_bay;5927;2623;x
gomene;pemba_bay;9537;2633;x
awngthim;aurukun_coast;14136;2627;x
huarco;huarco_coast;4207;2633;x
uutaalnganu;throne_reef_shore;14224;2621;x
kuwena;daly_river_mouth;13614;2618;x
luache;canhoca_coast;8275;2623;x
vohemar;mouth_benarivo;9968;2612;x
vave;metoma_island;15273;2614;x
uvea_atoll;uvea_coast_3;16054;2618;x
nosy_be;ambaro_bay;9893;2613;x
nunggubuyu;milyakburra_coast;13876;2594;x
mahilaka;ambaro_bay;9897;2602;x
chinchay;huanu_islands;4222;2601;x
winda_winda;kirke_river_mouth;14129;2583;x
umpila;flinders_shore;14225;2593;x
ndombe;lucira_cape;8261;2592;x
savaii;mulinuu_cape;16216;2594;x
sada;narindra_bay;9870;2582;x
vanua_lava;metoma_island;15317;2589;x
memba;fernao_veloso_bay;9541;2583;x
bemanevika;mouth_benarivo;9975;2574;x
warnindilyakwa;milyakburra_coast;13899;2584;x
marrithiyel;injin_coast;13595;2583;x
puka_tampu;huanu_islands;4217;2578;x
miwa;faraway_bay;13476;2581;x
upolu;taputapu_cape;16257;2572;x
kuukuyani;flinders_shore;14228;2578;x
tupiniquim;mamoa_coast;5916;2549;x
jagga_kalemba;lucira_cape;8255;2573;x
gamberre;bigge;13428;2557;x
antsohihy;narindra_bay;9864;2557;x
nagor;joseph_bonaparte_gulf;13588;2541;x
kwini;reveley_shore;13508;2555;x
umbindhamu;flinders_shore;14232;2563;x
mutumui;central_reef_coast;14279;2544;x
nacala;fernao_veloso_bay;9546;2554;x
bakanh;pormpuraaw_shore;14133;2532;x
gaua;mere_lava_island;15322;2557;x
tutuila;fagasa_bay;16309;2554;x
wunambui;augustus;13385;2516;x
katara;amado_coast;8251;2546;x
manihi_atoll;manihi_coast;1040;2550;x
takaroa_atoll;takaroa_coast;1088;2549;x
lamalama;flinders_shore;14242;2548;x
ica;tunga_coast;4235;2537;x
mara;numbulwar_shore;13855;2527;x
boeny;mahajambe_bay;9834;2511;x
yiiji;reveley_shore;13524;2525;x
valpei;nahoi_cape;15280;2530;x
hahahae;jequitinhonha_delta;5917;2499;x
menas;amado_coast;8247;2527;x
antalaha;est_cape;9988;2510;x
kadjerong;joseph_bonaparte_gulf;13569;2521;x
tikehau_atoll;tikehau_coast;940;2516;x
jaminjung;joseph_bonaparte_gulf;13590;2520;x
maewo;queiros_cape;15340;2513;x
guugu_yimidhirr;mcivor_river_mouth;14302;2508;x
rangiroa_atoll;rangiroa_coast;976;2501;x
cahuachi;maracona_gulf;4263;2508;x
mozambique;mozambique_island;9544;2507;x
sakao;queiros_cape;15301;2505;x
yir_yoront;pormpuraaw_shore;14135;2507;x
anula;numbulwar_shore;13875;2508;x
tolomako;remarkable_point;15276;2505;x
namibe;tombua_cape;8238;2493;x
arutua_atoll;arutua_coast;1013;2507;x
worora;augustus;13365;2495;x
ambae;queiros_cape;15329;2501;x
apataki_atoll;apataki_coast;1038;2489;x
akei;remarkable_point;15278;2489;x
mahajanga;bombetoka_bay;9800;2483;x
aratika_atoll;apataki_coast;1064;2484;x
maroantsetra;antongil_bay;9961;2488;x
acari;yauca_coast;4289;2483;x
andranoboka;mahajambe_bay;9834;2493;x
yanyuwa;pellew_islands_coast;13914;2482;x
koko_bera;nassau_river_mouth;14127;2480;x
vanu_aroaroa;selwyn_strait;15343;2476;x
wujal_wujal;cape_tribulation_shore;14311;2462;x
sangage;mozambique_island;9532;2480;x
kaukura_atoll;toau_coast;1016;2470;x
tamambo;selwyn_strait;15308;2477;x
fahambahy;antongil_bay;9955;2470;x
nac_nanuk;jequitinhonha_delta;5922;2473;x
kauehi_atoll;taungataki_coast;1092;2467;x
antetikala;bombetoka_bay;9793;2480;x
raroia_atoll;takume_coast;1211;2467;x
kingany;bombetoka_bay;9774;2474;x
toau_atoll;toau_coast;1040;2463;x
yauca;yauca_coast;4309;2470;x
upper_pinda;tigres_bay;8228;2449;x
st_helena;st_helena_coast_2;7427;2468;x
manangoora;calvert_coast;13948;2454;x
malakula;baneuv_point;15320;2433;x
nosy_bali;bombetoka_bay;9753;2463;x
koknar;nassau_river_mouth;14124;2452;x
angoche;angoche_island;9513;2450;x
qelelevu_atoll;qelelevu_coast;15910;2455;x
fakarava_atoll;faaite_coast;1065;2434;x
raraka_atoll;taungataki_coast;1092;2449;x
tapuy;coroa_alta_reef;5915;2444;x
ambrym;selwyn_strait;15338;2452;x
atico;jihuay_coast;4340;2448;x
umida;derby_shore;13328;2445;x
vanua_levu;qelelevu_coast;15876;2434;x
sandrakatsy;antongil_bay;9961;2446;x
vilamatsa;saint_andre_cape;9713;2447;x
taenga_atoll;takume_coast;1177;2448;x
taungataki_atoll;makemo_coast;1129;2423;x
unggami;derby_shore;13357;2441;x
bardi_australia;derby_shore;13292;2426;x
djabuganjdji;yarrabah_coast;14319;2423;x
ucuna;hornillos_point;4363;2435;x
unggarangi;derby_shore;13319;2421;x
lardil;karumba_coast;14034;2423;x
manuae_atoll;manuae_coast_1;656;2434;x
makemo_atoll;makemo_coast;1154;2430;x
epi;baneuv_point;15351;2416;x
taveuni;savusavu_bay;15888;2411;x
moma;lipobane_point;9476;2414;x
camana;hornillos_point;4376;2428;x
vanua_balavu_atoll;vanua_balavu_coast;15929;2400;x
lower_pinda;kunene_coast;8225;2404;x
pataxo;coroa_alta_reef;5912;2423;x
besalampy;korika_bay;9703;2405;x
gananggalinda;gangalidda_coast;13992;2420;x
faaite_atoll;faaite_coast;1077;2416;x
quilca;hornillos_point;4396;2418;x
tintingue;tintingue_bay;9959;2410;x
yasawa;viwa_coast;15760;2405;x
havaii;huahine_coast;802;2420;x
tahanea_atoll;taungataki_coast;1100;2420;x
kuthant;duck_creek_shore;14108;2409;x
yidinjdji;yarrabah_coast;14332;2404;x
taunga_tauranga_atoll;marokau_coast;1175;2399;x
tampo;coles_point;4419;2397;x
jucuru;areia_reef;5907;2397;x
jabirrjabirr;ardyaloon;13259;2405;x
nimanburu;derby_shore;13308;2392;x
gayardilt;karumba_coast;14036;2399;x
motutunga_atoll;makemo_coast;1123;2406;x
warwa;derby_shore;13317;2395;x
bajone;moniga_estuary;9429;2388;x
maintirano;korika_bay;9690;2377;x
fenoarivo_east;tintingue_bay;9943;2384;x
efate;mele_bay;15348;2374;x
kubuna;vatu_i_ra_channel;15810;2379;x
puquina;coles_point;4441;2380;x
nganaa_nui_atoll;tahanea_coast;1076;2376;x
ngumbari;dampier;13249;2377;x
caravelas;areia_reef;5908;2372;x
djirbalgan;kurrimine_shore;14342;2366;x
macuze;moniga_estuary;9402;2374;x
kukatj;karumba_coast;14082;2370;x
tahiti;taravao_bay;897;2371;x
mingin_australia;karumba_coast;14055;2374;x
chaucalana;sama_point;4453;2358;x
toamasina;tintingue_bay;9944;2356;x
jukun;minyirr;13256;2350;x
ngau;koro_sea;15857;2354;x
haorangi_atoll;haorangi_coast;1282;2341;x
quelimane;quelimane_river;9377;2350;x
vicosa;mucuri_delta;5894;2350;x
marokau_atoll;manuhangi_coast;1217;2338;x
tacna;sama_point;4475;2339;x
wargamaygan;kurrimine_shore;14342;2337;x
burebasaga;kandavu_passage;15793;2334;x
kiri_kere;mucuri_delta;5886;2333;x
sahadia;barren_islands;9700;2317;x
chindre;quelimane_river;9363;2329;x
karajarri;minyirr;13234;2323;x
beqa_lagoon;kandavu_passage;15789;2327;x
arica;arica_bay;4487;2305;x
andevoranto;mouth_rianila;9932;2307;x
vauvau;vavau_coast;16152;2307;x
erromango;erasfion_point;15395;2305;x
moce_atoll;moce_coast;15948;2306;x
nyawaygi;halifax_bay;14363;2305;x
aimore;guriri_coast;5882;2297;x
aitutaki_atoll;aitutaki_coast;425;2303;x
kabara_atoll;moce_coast;15939;2300;x
iparuka;bidyadanga;13209;2270;x
cuama;mouth_zambezi;9331;2296;x
kandavu;kandavu_passage;15802;2296;x
niue;niue_coast;16351;2291;x
vatomandry;betsimisaraka_coast;9919;2264;x
fulaga_atoll;lua_ridge_2;15952;2281;x
bindal;halifax_bay;14375;2282;x
coutins;guriri_coast;5884;2275;x
tarapaca;pisagua_point;4497;2251;x
tanna;erasfion_point;15401;2273;x
nukutavake;nukutavake_coast;1370;2275;x
tsimanandrafozana;mania_delta;9713;2260;x
chiveve;beira_estuary;9295;2257;x
rodrigues;rodrigues_island;10583;2248;x
haapai;tofua_island;16125;2242;x
guaitaca;doce_delta;5867;2243;x
yuru;burdekin_river_mouth;14415;2251;x
manahoro;betsimisaraka_coast;9913;2237;x
sofala;sofala_bay;9273;2220;x
maneva;mania_delta;9708;2225;x
ngarla;keraudren;13137;2236;x
iki_iki;chanavaya_bay;4497;2187;x
mauritius;mauritius_island1;10319;2214;x
giya;cumberland_coast;14466;2213;x
aneityum;anetchininbeke_point;15424;2231;x
nyelayu;poudioue_coast;15176;2223;x
kariyarra;hedland;13082;2219;x
mahaela;betsimisaraka_coast;9903;2208;x
itaparica;vitoria_bay;5856;2213;x
ouvea_atoll;santal_bay;15274;2198;x
jaburrara;eaglehawk;13003;2201;x
chiluane;sofala_bay;9284;2198;x
guarapiri;vitoria_bay;5847;2195;x
ngarluma;depuch_coast;13049;2200;x
cemuhi;poudioue_coast;15198;2201;x
martuthunira;barrow;12945;2188;x
drehu;santal_bay;15306;2186;x
bengy;islands_of_crabs;9684;2169;x
yuwi;freshwater_point_shore;14487;2163;x
reunion;reunion_island2;10229;2179;x
itapemirim;paraiba_delta;5832;2174;x
masindrano;mananjary_estuary;9892;2157;x
mambone;sofala_bay;9289;2172;x
tongatapu;tongatapu_coast;16101;2167;x
nengone;tiga_island;15339;2155;x
rarotonga_atoll;ngatangiia_bay;423;2169;x
paici;porwi_bay;15195;2165;x
acteon;matureivavao_coast;1477;2157;x
guaitaka;paraiba_delta;5825;2144;x
nhuwala;doole_coast;12916;2137;x
marutea;marutea_coast;1522;2157;x
ajie;porwi_bay;15206;2155;x
tocopilla;loa_mouth;4497;2133;x
rezoky;saint_vincent_cape;9659;2118;x
guwinmal;herbert_creek;14514;2104;x
chibuene;bazaruto_archipelago;9303;2132;x
tiri;porwi_bay;15219;2144;x
aopuni_atoll;fangataufa_coast_1;1372;2127;x
thalanyji;doole_coast;12886;2110;x
vohipeno;mananjary_estuary;9880;2118;x
mokaie;acu_lagoon;5799;2108;x
darumbal;herbert_creek;14542;2099;x
kapiwary;frio_cape;5785;2095;x
rasanga;mouth_mananara;9870;2073;x
cobija;angamos_point;4490;2074;x
ararayu_aba;guanabara_bay;5763;2068;x
otjozondjii;walvis_bay;8352;2079;x
toliara;saint_augustin_bay;9675;2059;x
mage;guanabara_bay;5728;2082;x
nheteroia;guanabara_bay;5734;2066;x
y_uasu;guanabara_bay;5723;2080;x
goana_para;grande_island;5700;2064;x
baiyungu;coral_bay_australia;12868;2058;x
ita_kua_y;grande_island;5688;2068;x
ezorongondo;walvis_bay;8346;2065;x
cunhambebe;grande_island;5671;2057;x
mangareva;teauaone_coast;1544;2061;x
manabondro;mouth_mananara;9861;2034;x
sao_sebastiao;caraguatatuba_bay;5632;2031;x
antofagasta;moreno_point;4484;2027;x
bayali;bustard_bay;14576;2021;x
inhambane;inhambane_bay;9306;2018;x
soalara;mahafaly_coast;9678;1997;x
maia;bernier_coast;12852;2004;x
gohayo;boi_point;5594;2018;x
gureng_gureng;yandaran_coast;14619;1972;x
tamoio;guarau_island;5563;1998;x
manambato;manarivo_bay;9846;1983;x
paposo;cobre_coast;4478;1975;x
iguape;guarau_island;5543;1977;x
enijo;masikora_cape;9703;1945;x
chongoene;mouth_limpopo;9253;1954;x
badtjala;great_sandy_strait;14655;1929;x
cananeia;small_sea;5517;1956;x
fort_dauphin;bay_tolanaro;9826;1945;x
yinggarda;dorre_coast;12869;1942;x
xai_xai;delagoa_bay;9200;1928;x
tatal;paposo_bay;4478;1924;x
ambovontany;bay_tolanaro;9800;1939;x
parnanguara;paranagua_bay;5484;1920;x
talaky;sainte_marie_cape;9758;1916;x
malkana;shark_coast;12859;1889;x
maputo;delagoa_bay;9188;1891;x
tedei;shark_coast;12890;1890;x
gubbi_gubbi;weyba_shore;14661;1871;x
chanaral;caldera_point;4466;1834;x
karai_yo;paranagua_bay;5477;1881;x
tsau;shearwater_bay;8382;1839;x
xokleng;grande_floripa_bay;5478;1840;x
konde;sodwana_bay;9183;1815;x
rapa_nui;rapa_nui_coast;2717;1825;x
burrum;moreton_bay;14670;1826;x
kariio;grande_floripa_bay;5481;1823;x
daguda;kalbarri;12879;1818;x
qupayapu;caldera_point;4463;1805;x
turrbal;moreton_bay;14666;1809;x
quandamooka;moreton_bay;14678;1801;x
apytere;santa_catarina_island;5484;1794;x
nhanta;lucky_bay;12885;1778;x
umgungundlovu;st_lucia_cape;9174;1770;x
huasco;copiapo_bay;4444;1744;x
garibams;orange_river_mouth;8432;1747;x
sambaqui;imarui_lagoon;5468;1750;x
buluguda;geraldton_bay;12906;1736;x
ndwandwe;tugela_mouth;9158;1736;x
ai_ais;orange_river_mouth;8445;1732;x
iaguarauna;sombrio_lagoon;5441;1717;x
buthelezi;tugela_mouth;9140;1721;x
aukwatowa;aukwatowa_coast;8462;1695;x
thung_arra;geraldton_bay;12916;1715;x
bundjalung;byron_bay;14675;1709;x
elki;elki_bay;4442;1675;x
umhlanga;natal_bay;9115;1691;x
arroio;barros_lagoon;5413;1665;x
gumbaynggirr;yuraigir_coast;14669;1674;x
eneabba;green_head;12923;1668;x
nama;hondeklip_bay;8479;1635;x
ethekwini;umkomazi_mouth;9095;1649;x
jacui;patos_lagoon;5359;1632;x
tapes;patos_lagoon;5367;1642;x
limari;limari_mouth;4426;1620;x
carijo;patos_lagoon;5359;1586;x
djiralay;wedge_shore_australia;12929;1625;x
mpondo;umzimkulu_mouth;9074;1607;x
dainggatti;hastings_shore;14654;1588;x
matzikama;groenrivier_mouth;8500;1589;x
kongal_marawar;wedge_shore_australia;12937;1604;x
icabaqua;patos_lagoon;5345;1593;x
umngazi;umzimvubu_mouth;9040;1566;x
millapel;conchali_bay;4430;1575;x
piratinin;patos_lagoon;5324;1569;x
mandurah;two_rocks;12954;1564;x
biripi;hastings_shore;14648;1564;x
wanbiri;wahgunyah;13652;1567;x
ngandatha;nullabor;13589;1563;x
yalata;wahgunyah;13686;1558;x
liwen;ligua_bay;4436;1526;x
cangucu;patos_coast;5308;1510;x
thembu;mbashe_mouth;9011;1531;x
ikala;eucla_shore;13529;1541;x
guringai;wallis_lake_shore;14634;1525;x
bookabie;fowles_bay;13730;1543;x
chariguriqua;st_helena_bay;8525;1525;x
walyalup;perth_bay;12958;1534;x
ceduna;smoky_bay;13769;1530;x
mirning;kanidal_coast;13442;1524;x
kadu;smoky_bay;13791;1513;x
gonaqua;mbashe_mouth;8996;1513;x
mandjar;perth_bay;12958;1514;x
pinjarup;perth_bay;12953;1493;x
ngatjumay;toolina;13386;1499;x
barutadura;north_spencer_gulf;13963;1489;x
nukunu;north_spencer_gulf;13969;1481;x
uri_ae_ona;saldanha_bay;8509;1480;x
qillu_uta;curaimilla_point;4430;1482;x
nawu;venus_bay;13827;1455;x
worimi;karuah_shore;14604;1490;x
hoengeiqua;groot_visrivier_mouth;8940;1462;x
balladonia;israelite_bay;13345;1479;x
chuy;mirim_lagoon;5275;1449;x
chana;uruguay_river;5033;1468;x
dharug;karuah_shore;14592;1469;x
kooapudna;north_spencer_gulf;13931;1439;x
meli_pillan;curaimilla_point;4427;1455;x
nannup;bunbury_coast;12952;1462;x
bardok;bellinger;13305;1426;x
cochoqua;table_bay;8521;1457;x
carapachay;uruguay_river;5028;1447;x
yaros;uruguay_river;5030;1447;x
wardandi;bunbury_coast;12933;1445;x
gorachouqua;table_bay;8528;1444;x
damasonqua;padrone_cape;8893;1435;x
kaurna_pangkarra;north_saint_vincent_gulf;13982;1398;x
eora;botany_bay;14578;1437;x
narangga;south_spencer_gulf;13936;1369;x
rangkawe;culebra_point;4424;1438;x
damaqua;recife_cape;8851;1419;x
goringhaikona;good_hope_cape;8533;1410;x
wudjari;esperance_bay_australia;13235;1427;x
noongar;bremer_bay;13157;1424;x
gnowoo;coffin_bay;13854;1388;x
kolchawwe;culebra_point;4413;1411;x
ombu;la_plata_river_mouth;5046;1410;x
ituzaingo;la_plata_river_mouth;5033;1407;x
tharawal;illawarra_coast;14559;1391;x
outeniqua;seal_cape;8762;1421;x
houtunqua;st_francis_cape;8804;1413;x
attequa;mossel_bay;8720;1421;x
gouriqua;mossel_bay;8699;1414;x
goringhaiqua;good_hope_cape;8546;1416;x
klipgat;walker_bay;8560;1398;x
arachan;polonio_cape;5242;1396;x
gouritsmond;mossel_bay;8687;1400;x
goreng;breaksea_shore;13116;1392;x
gurbillup;deepdene_coast;12940;1402;x
hessequa;st_sebastian_bay;8652;1398;x
aupouri;rangaunu_bay;15566;1371;x
agulhas;walker_bay;8575;1385;x
bredasdorp;st_sebastian_bay;8627;1393;x
charrua;artilleros_point;5104;1380;x
minang;frenchman_bay;13073;1366;x
bibbulman;flinders_bay;12964;1382;x
kuruko;mataquito_mouth;4407;1375;x
tuvicha_mini;artilleros_point;5074;1361;x
araicuahita;santa_maria_cape;5215;1376;x
tarntanya;north_saint_vincent_gulf;13993;1367;x
jerrinja;jervis_bay;14548;1350;x
mallee;great_australian_bight;13033;1359;x
mawlen;mataquito_mouth;4399;1352;x
waitangi;islands_bay;15626;1344;x
cauquen;carranza_cape;4385;1321;x
millewa;the_pages;14016;1324;x
whangarei;kaipara_harbour;15591;1314;x
didthul;jervis_bay;14533;1322;x
karta_pintingga;west_kangaroo_coast;13939;1301;x
tubicha_mini;samborombon_bay;5083;1298;x
yuin;batemans_bay;14525;1283;x
tamaki;hauraki_gulf;15650;1273;x
ngarrindjeri;the_pages;14053;1270;x
uthan_uthatun;concepcion_bay_plata;4375;1284;x
tandil;tandil_coast;5087;1204;x
puchacay;concepcion_bay_plata;4366;1262;x
hauraki;hauraki_gulf;15675;1252;x
lafkenmapu;arauco_bay;4343;1185;x
mallacoota;twofold_bay;14517;1224;x
manukau;manukao_harbour;15644;1205;x
buandig;guichen_bay;14061;1212;x
tauranga;plenty_bay;15712;1202;x
te_tairawhiti;tokomaru_bay;15811;1173;x
whakatane;plenty_bay;15759;1181;x
krowathunkkooloong;lake_tyers_shore;14465;1191;x
krauatungalung;lake_tyers_shore;14430;1186;x
ahurei;norht_taranaki_bight;15642;1161;x
wathaurong;port_philip;14275;1178;x
boon_wurrung;port_philip;14302;1157;x
braiakalung;reeve_shore;14390;1154;x
gunditjmara;yambuk_coast;14147;1161;x
geelong;port_philip;14268;1161;x
kla_rome_ko;pampa_coast;5010;1138;x
giraiwurung;milanesia_coast;14190;1143;x
gadubanud;port_philip;14236;1135;x
brataulung;kent_group_shore;14351;1126;x
ngamotu;norht_taranaki_bight;15623;1120;x
pillahuinco;blanca_bay;4892;1116;x
wairoa;hawke_bay;15771;1113;x
cholle_cholle;blanca_bay;4864;1110;x
pikunwijimapu;coral_bay;4352;1079;x
heretaunga;hawke_bay;15748;1079;x
patea;south_taranaki_bight;15633;1068;x
west_palawa;naracoopa_shore;14238;1065;x
east_palawa;south_furneaux_group;14439;1041;x
whanganui;south_taranaki_bight;15656;1057;x
curu_leufvu;san_matias_gulf;4775;989;x
manawatu;south_taranaki_bight;15665;1038;x
tararua;turnagain_cape;15727;1023;x
caurakawin;ancud_gulf;4374;950;x
peerapper;east_bass_strait;14296;1011;x
kahurangi;te_taio_aorere_bay;15562;1007;x
wellington;te_taio_aorere_bay;15645;984;x
whakatu;te_taio_aorere_bay;15607;991;x
balcheta;san_matias_gulf;4733;1007;x
pyemmairrener;sheaoak_coast;14414;1003;x
wairarapa;kekerengu_bank;15690;967;x
shupaw_kulu;san_matias_gulf;4727;990;x
tyerrernotepanner;sheaoak_coast;14383;995;x
tommeginne;east_bass_strait;14346;985;x
mawhera;foulwind_cape;15494;938;x
tulshun;san_matias_gulf;4733;950;x
tauihu;kekerengu_bank;15615;933;x
puel_co;ancud_gulf;4398;954;x
paredarerme;yumbah_shore;14437;915;x
ancud;tongol_bay;4319;930;x
piren;ancud_gulf;4378;906;x
kububu;nuevo_gulf;4755;873;x
kaikoura;kekerengu_bank;15598;906;x
quiquilhue;ancud_gulf;4350;899;x
toogee;sunken_rock_bay;14393;849;x
taramakau;foulwind_cape;15468;881;x
quellon;guaitecas_archipelago;4308;839;x
chain_chaitun;ancud_gulf;4378;872;x
kaiapoi;canterbury_bight;15563;860;x
okarito;foulwind_cape;15439;859;x
katrawunletuayin;tombo_point;4722;783;x
puari;canterbury_bight;15542;819;x
mahitahi;okahu_bay;15394;823;x
akaroa;canterbury_bight;15555;811;x
rekohu;rekohu_coast;16045;807;x
achen;guamblin_island;4300;715;x
rakaia;canterbury_bight;15514;800;x
timaru;caroline_bay;15485;770;x
puyu_huapi;puyuguapi_channel;4381;765;x
otepoti;caroline_bay;15470;723;x
koy_aike;puyuguapi_channel;4376;712;x
fem_mapu;bustamante_bay;4626;690;x
otakou;caroline_bay;15444;676;x
motupohue;dusky_sound;15330;649;x
kaitangata;foveaux_strait;15396;633;x
waihopai;foveaux_strait;15361;635;x
nehuen_mulfun;tres_puntas_cape;4649;614;x
caguatl;byron_island;4274;625;x
rakiura;foveaux_strait;15335;599;x
jautok;fajokstai_channel;4312;533;x
saelam;fajokstai_channel;4280;517;x
lee;san_julian_bay;4667;518;x
patagonia;san_julian_bay;4622;479;x
kcewite;jolawokstai_channel;4269;425;x
jetarktetqal;concepcion_channel;4317;446;x
corpen_aike;santa_cruz_river_mouth;4598;408;x
camusu_aike;santa_cruz_river_mouth;4572;395;x
motu_maha;motu_maha_coast;15248;365;x
kelaelkces;nelson_strait;4311;295;x
juni_aiken;loyola_point;4549;324;x
west_falkland;san_jose_island;4942;305;x
east_falkland;san_carlos_strait;5012;284;x
ciaike;lomas_bay;4528;248;x
paine;nelson_strait;4389;291;x
enoo;nelson_strait;4372;277;x
kolser;lomas_bay;4539;236;x
horsh_aiken;otway_sound;4432;214;x
tawokser;stokes_bay;4339;169;x
haiyuwel;felipe_bay;4492;205;x
wai;san_sebastian_bay;4592;183;x
hamhmam;admiralty_sound;4518;165;x
malte;froward_pass;4450;131;x
hamenk;san_sebastian_bay;4610;156;x
nakenk;daua_nuk_cove;4630;135;x
masaks;daua_nuk_cove;4680;102;x
inalumaala;cook_bay;4466;77;x
chuainisin;blossom_bay;4772;82;x
wakimaala;onashaga_channel;4590;78;x
utumaala;onashaga_channel;4626;76;x
ilalumaala;cook_bay;4526;43;x
yeskumaala;hermite_isle;4620;15;x
#FROM HERE NONE OPTIMAL PORT SELECTION;!!!!!!!;!!!!!!!;!!!!!!!!;!!!!!!!!!!
akokpaq;kvichak_bay;552;6912;x
sirudal;bokna_fjord;7982;6909;x
lihula;north_central_baltic;8772;6891;x
lochaber;firth_of_lorne;7453;6743;x
stirling;firth_of_forth;7520;6698;x
hamburg;elbe_estuary;8141;6523;x
macclesfield;liverpool_bay;7563;6506;x
osterholz;jade_bay;8081;6499;x
delmenhorst;jade_bay;8081;6497;x
bremen;jade_bay;8081;6497;x
bunratty;shannon_estuary;7288;6463;x
pont_audemer;seine_bay;7700;6244;x
blain;quiberon_bay;7607;6101;x
nantes;quiberon_bay;7607;6100;x
balikley;dnieper_bug_estuary;9103;6082;x
kikonteku;mouth_of_saint_lawrence;4450;6072;x
benauges;gironde;7664;5955;x
bordeaux;gironde;7664;5955;x
rusokastro;gulf_varna;8937;5788;x
th_kaaba_prototype;th_crescent_moon_bay_sea;15737;5774;x
anak;taedong_river_mouth;13395;5556;x
xianyou;xinghua_bay;13101;4756;x
satgaon;indian_coast60;11699;4583;x
ashaval;indian_coast15;11009;4584;x
baroda;indian_coast15;11010;4584;x
maungdaw;mayu_river_estuary;11896;4499;x
saribas;cape_sipang;12752;3422;x
sigi;palu_bay;13147;3299;x
tenggulang;bangka_strait;12459;3216;x